"Source","Used","Authors","Year","Link.plastic","Title","DOI"
"Acampora et al. 2014","Yes","Acampora, H., Schuyler, Q. A., Townsend, K. A., Hardesty, B. D.",2014,"http://www.sciencedirect.com/science/article/pii/S0025326X13007108","Comparing plastic ingestion in juvenile and adult stranded short-tailed shearwaters (Puffinus tenuirostris) in eastern Australia","http://dx.doi.org/10.1016/j.marpolbul.2013.11.009"
"Acampora et al. 2016","Yes","Acampora, H., Lyashevska, O., Van Franeker, J.A., O'Connor, I.",2016,"http://dx.doi.org/10.1016/j.marenvres.2016.08.002."," The use of beached bird surveys for marine plastic litter monitoring in Ireland.","http://dx.doi.org/10.1016/j.marenvres.2016.08.002."
"Acampora et al. 2017a","Yes","Acampora, H., Berrow, S., Newton, S., O'Connor, I.",2017,"http://www.sciencedirect.com/science/article/pii/S0025326X17301303","Presence of plastic litter in pellets from Great Cormorant (Phalacrocorax carbo) in Ireland","http://dx.doi.org/10.1016/j.marpolbul.2017.02.015"
"Acampora et al. 2017b","Yes","Acampora, H., Newton, S., O'Connor, I. ",2017,"sciencedirect-com.ezproxy.library.uq.edu.au/science/article/pii/S0025326X17303235","Opportunistic sampling to quantify plastics in the diet of unfledged Black Legged Kittiwakes (Rissa tridactyla), Northern Fulmars (Fulmarus glacialis) and Great Cormorants (Phalacrocorax carbo).",""
"Ainley et al. 1990a","Yes","Ainley, D. G., Fraser, W. R., Spear, L. B.",1990,"https://swfsc.noaa.gov/publications/TM/SWFSC/NOAA-TM-NMFS-SWFSC-154_P682.PDF","The incidence of Plastic in the Diets of Antarctic Seabirds",""
"Ainley et al. 1990b","Yes","Ainley, D. G., Spear, L. B., Ribic, C. A.",1990,"https://swfsc.noaa.gov/publications/TM/SWFSC/NOAA-TM-NMFS-SWFSC-154_P653.PDF","The incidence of Plastic in the Diets of Pelagic Seabirds in the Eastern Equatorial Pacific Region",""
"Amelineau et al. 2016","Yes","Amelineau, F., Bonnet, D., Heitz, O., Mortreux, V., Harding, A. M. A., Karnovsky, N., Walkusz, W., Fort, J., Gremillet, D.",2016,"http://www.sciencedirect.com/science/article/pii/S0269749116311848","Microplastic pollution in the Greenland Sea: Background levels and selective contamination of planktivorous diving seabirds","http://dx.doi.org/10.1016/j.envpol.2016.09.017"
"Anderson et al. 2008","Yes","Anderson, D. J., Huyvaert, K. P., Awkerman, J. A., Proano. B., Milstead, W. B., Jimenez-Uzcategui, G., Cruz, S., Grace, J. K.",2008,"http://www.int-res.com/abstracts/esr/v5/n2-3/p185-192/","Population status of the Critically Endangered waved albatross Phoebastria irrorata, 1999 to 2007","https://doi.org/10.3354/esr00089 "
"Auman et al. 1997","Yes","Auman, H. J., Ludwig, J. P., Giesy, J. P., Colborn, T. ",1997,"http://www.usask.ca/toxicology/jgiesy/pdf/publications/BC-060.pdf","Plastic Ingestion by Laysan Albatross chicks on Sand Island, Midway Atoll, in 1994 and 1995",""
"Auman et al. 2004","Yes","Auman, H. J.,  Woehler, E. J., Riddle M. J., Burton H.",2003,"http://citeseerx.ist.psu.edu/viewdoc/download?doi=10.1.1.668.3111&rep=rep1&type=pdf","First evidence of ingestion of plastic debris by seabirds at sub-antarctic Heard Island",""
"Avery-Gomm et al. 2012","Yes","Avery-Gomm, S., O'Hara, P. D., Kleine, L., Bowes, V., Wilson, L. K., Barry, K. L.",2012,"http://www.sciencedirect.com/science/article/pii/S0025326X12001828","Northern fulmars as biological monitors of trends of plastic pollution in the eastern North Pacific","http://dx.doi.org/10.1016/j.marpolbul.2012.04.017"
"Avery-Gomm et al. 2013","Yes","Avery-Gomm, S., Provencher, J. F., Morgan, K. H., Bertram, D. F.",2013,"http://www.sciencedirect.com/science/article/pii/S0025326X13002178","Plastic ingestion in marine-associated bird species from the eastern North PacificåÊ","http://dx.doi.org/10.1016/j.marpolbul.2013.04.021"
"Avery-Gomm et al. 2016","Yes","Avery-Gomm, S., Valliant, M., Schacter, C. R., Robbins, K. F., Liboiron, M., Daoust, P. Y., Rios, L. M., Jones, I. L.",2016,"http://www.sciencedirect.com/science/article/pii/S0025326X16306956","A study of wrecked Dovekies (Alle alle) in the western North Atlantic highlights the importance of using standardized methods to quantify plastic ingestion","10.1016/j.marpolbul.2016.08.062"
"Avery-Gomm et al. 2018","Yes","Avery-Gomm, S., Provencher, J. F., Liboiron, M., Poon, F. E., Smith, P.A.,  ",2018,"http://linkinghub.elsevier.com/retrieve/pii/S0025326X17308020","Plastic pollution in the Labrador Sea: An assessment using the seabird northern fulmar Fulmarus glacialis as a biological monitoring species","https://doi.org/10.1016/j.marpolbul.2017.10.001"
"Baltz and Morejohn 1976","Yes","Baltz, D. M., Morejohn, G. V.",1976,"http://biodiversitylibrary.org/page/51564646","Evidence from seabirds of plastic particle pollution off central California",""
"Barbieri 2009","Yes","Barbieri, E.",2009,"http://www.scielo.br/pdf/babt/v52n2/11.pdf","Occurrence of plastic particles in procellariiforms, south of SÌ£o Paulo State (Brazil)","10.1590/S1516-89132009000200011"
"Bayer and Olsen 1988","Yes","Bayer, R. D., Olsen, R. E.",1988,"","Plastic particles in 3 Oregon fulmars",""
"Below 1960","Yes","Below, T. H.",1960,"https://britishbirds.co.uk/wp-content/uploads/article_files/V53/V53_N05/V53_N05_P221_229_N044.pdf","Rubber bands in Puffins stomach",""
"Below 1979","Yes","Below, T. H.",1979,"https://sora.unm.edu/sites/default/files/journals/wilson/v091n04/p0626-p0628.pdf","First reports of pellet ejection in 11 species",""
"Beron and Favero 2009","Yes","Beron, M. P., Favero, M.",2009,"http://digital.bl.fcen.uba.ar/Download/008_ElHornero/008_ElHornero_v024_n02_articulo099.pdf","Mortality and injuries of Olrog's Gull (Larus atlanticus) individuals associated with sport fishing activities in Mar Chiquita coastal lagoon, Buenos Aires Province",""
"Bester et al. 2010","Yes","Bester, A. J., Priddel, D., Klomp, N. I.",2010,"http://www.marineornithology.org/PDF/39_2/39_2_163-172.pdf","Diet and foraging behaviour of the Providence petrel Pterodroma solandri",""
"Blight and Burger 1997","Yes","Blight, L. K., Burger, A. E.",1997,"http://www.sciencedirect.com/science/article/pii/S0025326X96000951","Occurrence of plastic particles in seabirds from the eastern North Pacific","http://dx.doi.org/10.1016/S0025-326X(96)00095-1"
"Bond and Lavers 2013","Yes","Bond, A. L., Lavers, J. L.",2013,"http://www.sciencedirect.com/science/article/pii/S0025326X13001100","Effectiveness of emetics to study plastic ingestion by Leach‰Ûªs Storm-petrels (Oceanodroma leucorhoa)","http://dx.doi.org/10.1016/j.marpolbul.2013.02.030"
"Bond et al. 2010","Yes","Bond, A. L., Jones, I. L., Williams, J. C., Byrd, G. V.",2010,"http://www.sciencedirect.com/science/article/pii/S0025326X10001876","Auklet (Charadriiformes: Alcidae, Aethia spp.) chick meals from the Aleutian Islands, Alaska, have a very low incidence of plastic marine debris","http://dx.doi.org/10.1016/j.marpolbul.2010.05.001"
"Bond et al. 2013","Yes","Bond, A. L., Provencher, J. F., Elliot, R. D., Ryan, P. C., Rowe, S., Jones, I. L., Robertson, G. J., Wilhelm, S. I.",2013,"http://www.sciencedirect.com/science/article/pii/S0025326X13006073","Ingestion of plastic marine debris by Common and Thick-billed Murres in the northwestern Atlantic from 1985 to 2012","http://dx.doi.org/10.1016/j.marpolbul.2013.10.005"
"Bond et al. 2014","Yes","Bond, A. L., Provencher, J. F., Daoust, P., Lucas, Z. N.",2014,"http://www.sciencedirect.com/science/article/pii/S0025326X14005402","Plastic ingestion by fulmars and shearwaters at Sable Island, Nova Scotia, Canada","http://dx.doi.org/10.1016/j.marpolbul.2014.08.010"
"Bourne 1976","Yes","Bourne, W. R. P.",1976,"In: Bond et al. 2014 & Day et al 1984","Seabirds and pollution",""
"Bourne and Imber 1982","Yes","Bourne, W. R. P., Imber, M. J.",1982,"http://www.sciencedirect.com/science/article/pii/0025326X8290491X","Plastic pellets collected by a prion on Gough Island, central South Atlantic ocean","http://dx.doi.org/10.1016/0025-326X(82)90491-X"
"Brandao et al. 2011","Yes","Brandao, M. L., Braga, K. M., Luque, J. L.",2011,"http://www.sciencedirect.com/science/article/pii/S0025326X11003997","Marine debris ingestion by Magellanic penguins, Spheniscus magellanicus (Aves: Sphenisciformes), from the Brazilian coastal zone","http://dx.doi.org/10.1016/j.marpolbul.2011.07.016"
"Brown et al. 1981","Yes","Brown, R. G. B., Usanp. Barkerd, Gaskin, E., Sandeman, M. ",1981,"https://onlinelibrary.wiley.com/doi/abs/10.1111/j.1474-919X.1981.tb00169.x","The foods of Great and Sooty Shearwaters Puffinus Gravis and P. Griseus in Eastern Canadian Waters",""
"Brown et al. 1986","Yes","Brown, R. S., Norman, F. I., Eades, D. W.",1986,"http://www.tandfonline.com/doi/abs/10.1071/MU9860228","Notes on Blue and Kerguelen Petrels Found Beach-Washed in Victoria, 1984","10.1071/MU9860228"
"Carey 2011","Yes","Carey, M. J.",2011,"http://www.publish.csiro.au/paper/MU10085","Intergenerational transfer of plastic debris by Short-tailed Shearwaters (Ardenna tenuirostris)","http://dx.doi.org/10.1071/MU10085"
"Cherl et al. 2017","Yes","Cherel, Y., Xavier, J.C., de Grissac, S., Trouve, C., Weimerskirch, H.",2017,"http://www.int-res.com/abstracts/meps/v565/p197-215/","Feeding ecology, isotopic niche, and ingestion of fishery-related items of the wandering albatross Diomedea exulans at Kerguelen and Crozet Islands","10.3354/meps11994"
"Codina-Garcia et al. 2013","Yes","Codina-Garcia, M., Militao, T., Moreno, J., Gonzalez-Solis, J.",2013,"http://www.sciencedirect.com/science/article/pii/S0025326X13006048","Plastic debris in Mediterranean seabirds","http://dx.doi.org/10.1016/j.marpolbul.2013.10.002"
"Colabuono & Vooren 2007","Yes","Colabuono, F. I., Vooren, C. M.",2007,"http://www.marineornithology.org/PDF/35_1/35_1_9-20.pdf","Diet of Black-browed Thalassarche melanophrys and Atlantic Yellow-nosed T. Chlororhynchos albatrosses and White-chinned Procellaria aequinoctialis and Spectacled P. conspicillata petrels off Southern Brazil",""
"Colabuono et al. 2009","Yes","Colabuono, F. I., Barquete, V., Domingues, Beatriz, S., Montone, Rosalinda, C.",2009,"http://www.sciencedirect.com/science/article/pii/S0025326X08004281","Plastic ingestion by Procellariiformes in Southern Brazil","http://dx.doi.org/10.1016/j.marpolbul.2008.08.020"
"Colabuono et al. 2010","Yes","Colabuono, F. I., Taniguchi, S., Montone, R. C.",2010,"http://www.sciencedirect.com/science/article/pii/S0025326X10000366","Polychlorinated biphenyls and organochlorine pesticides in plastics ingested by seabirds","http://dx.doi.org/10.1016/j.marpolbul.2010.01.018"
"Conant 1984","Yes","Conant, S. ",1984,"","Man-made debris and marine wildlife in the northwestern Hawaiian Islands. Elepaio (Journal of the Hawaiian Audubon Society) 44: 87-88.",""
"Connors and Smith 1982","Yes","Connors, P. G., Smith, K. G.",1982,"http://www.sciencedirect.com/science/article/pii/0025326X82904908","Oceanic plastic particle pollution: Suspected effect on fat deposition in red phalaropes","http://dx.doi.org/10.1016/0025-326X(82)90490-8"
"Cooper and Klages 1995","Yes","Cooper, J., Klages, N. T.",1995,"https://www.cambridge.org/core/journals/antarctic-science/article/the-diets-and-dietary-segregation-of-sooty-albatrosses-phoebetria-spp-at-subantarctic-marion-island/0BE57A913B8BA327354C1A6544D9D0B2","The diets and dietary segregation of sooty albatrosses (Phoebetria spp.)  at subantarctic Marion Island.",""
"Cooper et al. 1992","Yes","Cooper, J., Henley, S. R., Klages, N. T. W.",1992,"http://download.springer.com/static/pdf/310/art%253A10.1007%252FBF00238186.pdf?originUrl=http%3A%2F%2Flink.springer.com%2Farticle%2F10.1007%2FBF00238186&token2=exp=1491568992~acl=%2Fstatic%2Fpdf%2F310%2Fart%25253A10.1007%25252FBF00238186.pdf%3ForiginUrl%3D (...)","The diet of the Wandering Albatross Diomedea exulans at Subantarctic Marion Island","http://dx.doi.org/10.1007/BF00238186"
"Copello & Quintana 2003","Yes","Copello, S., Quintana, F.",2003,"www.sciencedirect.com/science/article/pii/S0025326X03003126","Marine debris ingestion by Southern Giant Petrels and its potential relationships with fisheries in the Southern Atlantic Ocean","http://dx.doi.org/10.1016/S0025-326X(03)00312-6"
"Creet et al. 1994","Yes","Creet, S., Van Franeker, J. A., Van Spanje, T. M., Wolff, W. J. ",1994,"http://www.marineornithology.org/PDF/22/MO_1994_05.pdf","Diet of the Pintado Petrel Daption Capense at King George Island, Antarctica, 1990/91",""
"Croxall et al. 1988","Yes","Croxall, J. P., Hill, H. J., Lidstone-Scott, R., O'Connell, M. J., Prince, P. A.",1988,"http://onlinelibrary.wiley.com/doi/10.1111/j.1469-7998.1988.tb02417.x/abstract","Food and feeding ecology of Wilson's storm petrel Oceanites oceanicus at South Georgia","10.1111/j.1469-7998.1988.tb02417.x"
"Day 1980","Yes","Day, R. H., ",1980,"https://scholarworks.alaska.edu/handle/11122/7361","The occurrence and characteristics of plastic pollution in AlaskaÕs marine birds. University of Alaska, Fairbanks, Alaska.",""
"Day et al. 1984","Yes","Day, R. H., Wehle, D. H., Coleman, F. C.",1984,"https://www.st.nmfs.noaa.gov/tm/swfc/swfc054.pdf","Ingestion of plastic pollutants by marine birds",""
"Day et al. 1984 (Fefer pers comm)","Yes","Day, R. H., Wehle, D. H., Coleman, F. C.",1984,"https://www.st.nmfs.noaa.gov/tm/swfc/swfc054.pdf","Ingestion of plastic pollutants by marine birds",""
"Day et al. 1984 (Imber pers comm)","Yes","Day, R. H., Wehle, D. H., Coleman, F. C.",1984,"https://www.st.nmfs.noaa.gov/tm/swfc/swfc054.pdf","Ingestion of plastic pollutants by marine birds",""
"Day et al. 1984/Baltz and Morejohn 76","Yes","Day, R. H., Wehle, D. H., Coleman, F. C.",1984,"https://www.st.nmfs.noaa.gov/tm/swfc/swfc054.pdf","Ingestion of plastic pollutants by marine birds",""
"Day et al. 1984/Bond 1971","Yes","Day, R. H., Wehle, D. H., Coleman, F. C.",1984,"https://www.st.nmfs.noaa.gov/tm/swfc/swfc054.pdf","Ingestion of plastic pollutants by marine birds",""
"Day et al. 1984/Bourne 1976","Yes","Day, R. H., Wehle, D. H., Coleman, F. C.",1984,"https://www.st.nmfs.noaa.gov/tm/swfc/swfc054.pdf","Ingestion of plastic pollutants by marine birds",""
"Day et al. 1984/Connors and Smith 82","Yes","Day, R. H., Wehle, D. H., Coleman, F. C.",1984,"https://www.st.nmfs.noaa.gov/tm/swfc/swfc054.pdf","Ingestion of plastic pollutants by marine birds",""
"Day et al. 1984/Day 1980","Yes","Day, R. H., Wehle, D. H., Coleman, F. C.",1984,"https://www.st.nmfs.noaa.gov/tm/swfc/swfc054.pdf","Ingestion of plastic pollutants by marine birds",""
"Day et al. 1984/Harrison et al. 1983","Yes","Day, R. H., Wehle, D. H., Coleman, F. C.",1984,"https://www.st.nmfs.noaa.gov/tm/swfc/swfc054.pdf","Ingestion of plastic pollutants by marine birds",""
"Day et al. 1984/Rothstein 1973","Yes","Day, R. H., Wehle, D. H., Coleman, F. C.",1984,"https://www.st.nmfs.noaa.gov/tm/swfc/swfc054.pdf","Ingestion of plastic pollutants by marine birds",""
"Day et al. 1984/Van Franeker 1983","Yes","Day, R. H., Wehle, D. H., Coleman, F. C.",1984,"https://www.st.nmfs.noaa.gov/tm/swfc/swfc054.pdf","Ingestion of plastic pollutants by marine birds",""
"Donnelly-Greenan et al. 2014","Yes","Donnelly-Greenan, E. L., Harvey, J. T., Nevins, H. M., Hester, M. M., Walker, W. A.",2014,"http://www.sciencedirect.com/science/article/pii/S0025326X14003373","Prey and plastic ingestion of Pacific Northern Fulmars (Fulmarus glacialis rogersii) from Monterey Bay, California","http://dx.doi.org/10.1016/j.marpolbul.2014.05.046"
"English et al. 2015","Yes","English, M. D., Robertson, G. J., Avery-Gomm, S., Pirie-Hay, D., Roul, S., Ryan, P. C., Wilhelm, S. I., Mallory, M. L.",2015,"http://www.sciencedirect.com/science/article/pii/S0025326X15003434","Plastic and metal ingestion in three species of coastal waterfowl wintering in Atlantic Canada","http://dx.doi.org/10.1016/j.marpolbul.2015.05.063"
"Fife et al. 2015","Yes","Fife, D. T., Robertson, G. J., Shutler, D., Braune, B. M., Mallory, M. L.",2015,"http://www.sciencedirect.com/science/article/pii/S0025326X14007826","Trace elements and ingested plastic debris in wintering dovekies (Alle alle)","http://dx.doi.org/10.1016/j.marpolbul.2014.11.029"
"Fijn et al. 2012","Yes","Fijn, R. C., Franeker, J. A., Trathan, P. N.",2012,"http://edepot.wur.nl/242411","Dietary variation in chick-feeding and self-provisioning Cape Petrel Daption capense and Snow Petrel Pagodroma nivea at Signy Island, South Orkney Islands, Antarctica",""
"Floren and Shugart 2017","Yes","Floren, H. P., Shugart, G. W.",2017,"//www.sciencedirect.com/science/article/pii/S0025326X17301108","Plastic in Cassin's Auklets (Ptychoramphus aleuticus) from the 2014 stranding on the Northeast Pacific Coast","10.1016/j.marpolbul.2017.01.076"
"Fry et al. 1987","Yes","Fry, D. M., Fefer, S. I., Sileo, L.",1987,"http://www.sciencedirect.com/science/article/pii/S0025326X8780022X ","Ingestion of plastic debris by Laysan Albatrosses and Wedge-tailed Shearwaters in the Hawaiian Islands","http://dx.doi.org/10.1016/S0025-326X(87)80022-X"
"Furness 1983","Yes","Furness, B. L.",1983,"http://www.sciencedirect.com/science/article/pii/0025326X83905416","Plastic particles in three procellariiform seabirds from the Benguela Current, South Africa","http://dx.doi.org/10.1016/0025-326X(83)90541-6"
"Furness 1985a","Yes","Furness, R. W.",1985,"http://www.sciencedirect.com/science/article/pii/014314718590131X","Ingestion of plastic particles by seabirds at Gough Island, South Atlantic Ocean","http://dx.doi.org/10.1016/0143-1471(85)90131-X"
"Furness 1985b","Yes","Furness, R. W.",1985,"http://www.sciencedirect.com/science/article/pii/0025326X85905314","Plastic particle pollution: Accumulation by procellariiform seabirds at Scottish Colonies","http://dx.doi.org/10.1016/0025-326X(85)90531-4"
"Furtado et al. 2016","Yes","Furtado, R., Menezes, D., Santos, C. J., Catry, P.",2016,"http://www.sciencedirect.com/science/article/pii/S0025326X16306646","White-faced storm-petrels Pelagodroma marina predated by gulls as biological monitors of plastic pollution in the pelagic subtropical Northeast Atlantic","10.1016/j.marpolbul.2016.08.031"
"Garcia-Godos et al. 2002","Yes","Garcia-Godos, I., Goya, E., Jahncke, J.",2002,"http://citeseerx.ist.psu.edu/viewdoc/download?doi=10.1.1.669.5210&rep=rep1&type=pdf","The diet of Markham's Storm Petrel Oceanodroma markhami on the central coast of Peru",""
"Gray et al. 2012","Yes","Gray, H., Lattin, G. L., Moore, C. J.",2012,"http://www.sciencedirect.com/science/article/pii/S0025326X12003748","Incidence, mass and variety of plastics ingested by Laysan (Phoebastria immutabilis) and Black-footed Albatrosses (P. nigripes) recovered as by-catch in the North Pacific Ocean","http://dx.doi.org/10.1016/j.marpolbul.2012.07.053"
"Haman et al. 2013","Yes","Haman, K.H., Ronconi, R. A., Nemeth, N. M., Thomas, A. C., Courchesne, S. J., Segars, A., Keel, M. K.",2013,"http://www.jwildlifedis.org/doi/10.7589/2012-04-119","Great Shearwater (Puffinus gravis) mortality events along the Eastern coast of the United States",""
"Hammer et al. 2016","Yes","Hammer, S., Nager, R. G., Johnson, P. C. D., Furness, R. W., Provencher, J. F.",2016,"http://www.sciencedirect.com/science/article/pii/S0025326X15302216","Plastic debris in great skua (Stercorarius skua) pellets corresponds to seabird prey species","http://dx.doi.org/10.1016/j.marpolbul.2015.12.018"
"Hardesty et al. 2014","Yes","Hardesty, B. D., Holdsworth, D., Revill, A. T., Wilcox, C.",NA,"http://doi.wiley.com/10.1111/2041-210X.12277","A biochemical approach for identifying plastics exposure in live wildlife","10.1111/2041-210X.12277"
"Harper and Fowler 1987","Yes","Harper, P. C., Fowler, J. A.",1987,"http://notornis.osnz.org.nz/system/files/Notornis_34_1.pdf","Plastic pellets in New Zealand storm-killed Prions (Pachyptila spp.) 1958-1977",""
"Harrigan 1991","Yes","Harrigan, K. E.",1991,"http://www.publish.csiro.au/paper/MU9910273","Causes of Mortality of Little Penguins Eudyptula minor in Victoria","http://dx.doi.org/10.1071/MU9910273"
"Harris and Wanless 1994","Yes","Harris, M. P., Wanless, S.",1994,"http://www.sciencedirect.com/science/article/pii/0025326X94901872","Ingested elastic and other artifacts found in puffins in Britain over a 24-year period","http://dx.doi.org/10.1016/0025-326X(94)90187-2"
"Harrison et al. 1983","Yes","Harrison, C. S., Hida, T. S., Seki, M. P.",1983,"https://www.jstor.org/stable/pdf/3830593.pdf?seq=1#page_scan_tab_contents"," Hawaiian seabird foraging ecology",""
"Hedd and Gales 2001","Yes","Hedd, A., Gales, R.",2001,"http://onlinelibrary.wiley.com/doi/10.1017/S0952836901000073/abstract","The diet of shy albatrosses (Thalassarche cauta) at Albatross Island, Tasmania","http://dx.doi.org/10.1017/S0952836901000073"
"Hedd et al. 2009","Yes","Hedd, A., Montevecchi, W. A., Davoren, G. K., Fifield, D. A.",2009,"http://www.nrcresearchpress.com/doi/10.1139/Z09-060","Diets and distributions of LeachÕs storm-petrel (Oceanodroma leucorhoa) before and after an ecosystem shift in the Northwest Atlantic",""
"Hocken 2005","Yes","Hocken, A. G.",2005,"https://doi.org/10.1080/03014223.2005.9518391","Necropsy findings in yellow_eyed penguins (Megadyptes antipodes) from Otago, New Zealand","10.1080/03014223.2005.9518391"
"Hong et al. 2013","Yes","Hong, S., Lee, J., Jang, Y. C., Kim, Y. J., Kim, H. J., Han, D., Hong, S. H., Kang, D., Shim, W. J.",2013,"http://www.sciencedirect.com/science/article/pii/S0025326X1200519X","Impacts of marine debris on wild animals in the coastal area of Korea","http://dx.doi.org/10.1016/j.marpolbul.2012.10.022"
"Huin and Croxall 1996","Yes","Huin, N., Croxall, J. P.",1996,"http://nora.nerc.ac.uk/515157/","Fishing Gear, Oil and Marine Debris associated with Seabirds at Bird Island, South Georgia, during 1993/1994",""
"Hutton et al. 2008","Yes","Hutton, I., Carlile, N., Priddel, D.",2008,"http://eprints.utas.edu.au/13162/1/2008_Hutton_plastic_ingestion.pdf","Plastic ingestion by Flesh-footed Shearwaters, Puffinus carneipes, and Wedge-tailed Shearwaters, Puffinus pacificus",""
"Hyrenbach et al. 2013","Yes","Hyrenbach, K. D., Hester, M. M., Johnson, J. A., Lyday, S., Bingham, S., Pawloski, J.",2013,"http://www.marineornithology.org/PDF/41_2/41_2_167-169.pdf","First evidence of plastic ingestion by White-tailed Tropicbirds from Oahu, Hawaii",""
"Imber 1996","Yes","Imber, M. J.",1996,"http://www.publish.csiro.au/paper/MU9960189","The Food of Cook's Petrel Pterodroma cookii During Its Breeding Season on Little Barrier Island, New Zealand","http://dx.doi.org/10.1071/MU9960189"
"Imber et al. 1995","Yes","Imber, M. J., Jolly, J. N., Brooke, M. de L.",1995,"http://onlinelibrary.wiley.com/doi/10.1111/j.1095-8312.1995.tb01087.x/pdf","Food of three sympatric gadfly petrels (Pterodroma spp.) breeding on the Pitcairn Islands","http://dx.doi.org/10.1111/j.1095-8312.1995.tb01087.x"
"James & Stahl 2000","Yes","James, G. D., Stahl, J.",2000,"https://www.tandfonline.com/doi/pdf/10.1080/00288330.2000.9516946","Diet of southern BullerÕs albatross ( Diomedea bulleri bulleri ) and the importance of fishery discards during chick rearing","https://doi.org/10.1080/00288330.2000.9516946"
"Jiminez et al. 2015","Yes"," Jimenez, S., Domingo, A., Brazeiro, A., Defeo, O., Phillips, R. A.",2015,"http://www.sciencedirect.com/science/article/pii/S0025326X1500291X","Marine debris ingestion by albatrosses in the southwest Atlantic Ocean","http://dx.doi.org/10.1016/j.marpolbul.2015.05.034"
"Kain et al. 2016","Yes","Kain, E. C., Lavers, J. L., Berg, C. J., Raine, A. F., Bond, A. L",2016,"http://link.springer.com/article/10.1007/s11356-016-7613-1","Plastic ingestion by NewellÕs (Puffinus newelli) and wedge-tailed shearwaters (Ardenna pacifica) in Hawaii",""
"Kenyon and Kridler 1969","Yes","Kenyon, K. W., Kridler, E.",1969,"https://sora.unm.edu/sites/default/files/journals/auk/v086n02/p0339-p0343.pdf","Laysan Albatrosses swallow indigestible matter",""
"Kinan and Cousins 2000","Yes","Kinan, I., Cousins, K.",2000,"http://www.marineornithology.org/PDF/28_2/28_2_8.pdf","Abundance of Plastic debris and Ingestion by Albatross in Kure Atoll, North-Western Hawaiian Islands",""
"Kuhn and van Franeker 2012","Yes","Kuhn, S., van Franeker, J. A.",2012,"http://www.sciencedirect.com/science/article/pii/S0025326X12001051","Plastic ingestion by the northern fulmar (Fulmarus glacialis) in Iceland","10.1016/j.marpolbul.2012.02.027"
"Kuramochi et al. 2011","Yes","Kuramochi, T., A. Kuramochi, I. Kawashima, H. Ono, and Y. Suzuki.",2011,"","Artifacts found in the gizzard of Phoebastria immutabilis washed ashore on the coast of Sagami Bay, central Japan. ",""
"Lavers and Bond 2016a","Yes","Lavers, J. L. and Bond, A. L.",2016,"https://www.researchgate.net/profile/Jennifer_Lavers/publication/283569855_Selectivity_of_flesh-footed_shearwaters_for_plastic_colour_Evidence_for_differential_provisioning_in_adults_and_fledglings/links/59e139ed458515393d534bf9/Selectivity-of-flesh-footed-shearwaters-for-plastic-colour-Evidence-for-differential-provisioning-in-adults-and-fledglings.pdf","Selectivity of flesh-footed shearwaters for plastic colour: evidence for differential provisioning in adults and fledglings",""
"Lavers and Bond 2016b","Yes","Lavers, J. L. and Bond, A. L.",2016,"http://www.sciencedirect.com/science/article/pii/S0141113615300623","Ingested plastic as a route for trace metals in Laysan Albatross (Phoebastria immutabilis) and Bonin Petrel (Pterodroma hypoleuca) from Midway Atoll",""
"Lavers et al. 2014","Yes","Lavers, J. L., Bond, A. L., Hutton, I.",2014,"http://www.sciencedirect.com/science/article/pii/S0269749113006532","Plastic ingestion by Flesh-footed Shearwaters (Puffinus carneipes): Implications for fledgling body condition and the accumulation of plastic-derived chemicals","http://dx.doi.org/10.1016/j.envpol.2013.12.020"
"Lavers pers. obs.","Yes","Lavers, J. L.",2014,NA,"pers comm",""
"Lenzi et al. 2016","Yes","Lenzi, J., Burgues, M. F., Carrizo, D., Machin, E., Teixeira-de Mello, F.",2016,"http://www.ncbi.nlm.nih.gov/pubmed/27098991","Plastic ingestion by a generalist seabird on the coast of Uruguay","\\publicsrv1.dmawi.de\Public\litterbase\Interaction\Macrolitter\10.1016/j.marpolbul.2016.04.016"
"Lindborg et al. 2012","Yes","Lindborg, V. A., Ledbetter, J. F., Walat, J. M., Moffett, C.",2012,"http://www.sciencedirect.com/science/article/pii/S0025326X12004201","Plastic consumption and diet of Glaucous-winged Gulls (Larus glaucescens)","http://dx.doi.org/10.1016/j.marpolbul.2012.08.020"
"Lydersen et al. 1989","Yes","Lydersen, C., Gjertz, I., Weslawski, J. M.",1989,"https://www.cambridge.org/core/article/div-class-title-stomach-contents-of-autumn-feeding-marine-vertebrates-from-hornsund-svalbard-div/DE47B9E1F70CC7FA933D8313A995910F","Stomach contents of autumn-feeding marine vertebrates from Hornsund, Svalbard","10.1017/S0032247400010408"
"Mallory 2008","Yes","Mallory, M. L.",2008,"http://www.sciencedirect.com/science/article/pii/S0025326X08002099","Marine plastic debris in northern fulmars from the Canadian high Arctic","http://dx.doi.org/10.1016/j.marpolbul.2008.04.017"
"Mallory et al. 2006","Yes","Mallory, M. L., Roberston, G. J., Moenting, A.",2006,"http://www.sciencedirect.com/science/article/pii/S0025326X0600138X","Marine plastic debris in northern fulmars from Davis Strait, Nunavut, Canada","http://dx.doi.org/10.1016/j.marpolbul.2006.04.005"
"Mariano and Targino 2012","Yes","Mariano, E. D. F., Targino, C. H.",2012,"https://periodicos.ufsc.br/index.php/biotemas/article/view/2175-7925.2012v25n4p285/23308","Plastic ingestion by Masked booby, Sula dactylatra Lesson 1831, on Biological Reserce of Rocas Atoll, RN, Brazil",""
"McDermond & Morgan 1993","Yes","McDermond, D. K., Morgan, K. H.",1993,"https://pacificseabirdgroup.org/psg-publications/symposia/the-status-ecology-and-conservation-of-marine-birds-of-the-north-pacific/","Status and conservation of North Pacific albatrosses. In: Vermeer K, Briggs KT, Morgan KH, Siegel-Causey D (eds) The Status, Ecology, and Conservation of Marine Birds of the North Pacific. Canadian Wildlife Service, pp 70-81",""
"Moser and Lee 1992","Yes","Moser, M. L., Lee, D. S.",1992,"https://www.jstor.org/stable/1521357","A fourteen years survey of plastic ingestion by western North Atlantic seabirds",""
"Nel et al. 1999","Yes","Nel, D. C., Nel, J. L.",1999,"https://www.ccamlr.org/en/publications/science_journal/ccamlr-science-volume-6/ccamlr-science-volume-685-96","Marine debris and fishing gear associated with seabirds at sub-Antarctic Marion island, 1996/97 and 1997/98: in relation to longline fishing activity",""
"Nel et al. 2000","Yes","Nel, D. C., Nel, J. L., Ryan, P. G., Klages, N. T. W., Wilson, R. P., Robertson, G.",2000,"http://www.sciencedirect.com/science/article/pii/S0006320700000720","Foraging ecology of grey-headed mollymawks at Marion Island, southern Indian Ocean, in relation to longline fishing activity","http://doi.org/10.1016/S0006-3207(00)00072-0"
"Nevins et al. 2005","Yes","Nevins, H., Hyrenbach, D., Keiper, C., Stock, J., Hester, M., Harvey, J.",2005,"http://www.oikonos.org/papers/Nevins_etal_2005.pdf","Seabirds as indicators of plastic pollution in the North Pacific. Paper for Plastic Debris Rivers to Sea Conference. ",""
"Nicastro et al. 2018","Yes","Nicastroa, K. R., Saviob R. L., McQuaidc, C. D.,  Madeiraa, P., Valbusab, U.,  Azevedod, F., Caserod, M., Lourenc_oc, C.,  Zardic, G. I.",2018,"https://ac.els-cdn.com/S0025326X1731007X/1-s2.0-S0025326X1731007X-main.pdf?_tid=8959c51a-08ba-41d0-9182-0dd1c72eb278&acdnat=1520672732_8910cd2956edd8c965ceab15e3ce510a","Plastic ingestion in aquatic-associated bird species in southern Portugal ",""
"Not available","not relevant (nest pollution)","Forster, I.",2005,"https://www.ccamlr.org/en/sc-camlr-xxiv/bg/14","Fishing equipments, marine debris and oil  associated with seabirds at Bird Island, South Georgia, 2004/06",""
"Not relevant","Not relevant","O'Hara,  K. J.,  Younger, L. K. ",1989,"https://www.gpo.gov/fdsys/pkg/CZIC-gc1080-c53-1989/pdf/CZIC-gc1080-c53-1989.pdf","Cleaning North America's Beaches: 1989 Beach Cleanup Results",""
"Not relevant","Not relevant","Morin, M., Conant, S.",1990,"https://sora.unm.edu/sites/default/files/journals/wilson/v102n04/p0591-p0604.pdf","Nest substrate variation between native and introduced populations of Laysan Finches",""
"Not relevant","Not relevant","Thompson, M. E., Cote, W. A.",1997,"http://www.sciencedirect.com/science/article/pii/S0025326X96001282","Potential effects of discarded trition paperboard six-pack carriers on fish and wildlife","http://dx.doi.org/10.1016/S0025-326X(96)00128-2"
"Not relevant","Not relevant","Anderson, J. A., Alford, A. B.",2014,"http://www.sciencedirect.com/science/article/pii/S0025326X13007352","Ghost fishing activity in derelict blue crab traps in LouisianaåÊ","http://dx.doi.org/10.1016/j.marpolbul.2013.12.002"
"Not relevant","Not relevant","Perry, M. C., Olsen, G. H., Richards, R. A., Osenton, P. C.",2013,"http://www.bioone.org/doi/pdf/10.1656/045.020.0112","Predation on Dovekies by Goosefish Over Deep Water in the Northwest Atlantic Ocean","http://dx.doi.org/10.1656/045.020.0112"
"Not relevant","Not relevant","Schernewski, G., Balciunas, A., Grawe, D., Grawe, U., Klesse, K., Schulz, M., Wesnigk, S., Fleet, D., Haseler, M., Mollman, N., Werner, S.",2017,"http://link.springer.com/article/10.1007/s11852-016-0489-x","Beach macro-litter monitoring on southern Baltic beaches: results, experiences and recommendations","http://dx.doi.org/10.1007/s11852-016-0489-x"
"Not relevant","Not relevant","Harms, J.",1990,"http://download.springer.com/static/pdf/727/art%253A10.1007%252FBF02365483.pdf?originUrl=http%3A%2F%2Fhmr.biomedcentral.com%2Farticle%2F10.1007%2FBF02365483&token2=exp=1487323271~acl=%2Fstatic%2Fpdf%2F727%2Fart%25253A10.1007%25252FBF02365483.pdf*~hmac=91dc (...)","Marine plastic litter as an artificial hard bottom fouling ground",""
"Not relevant","Not relevant","Holgerson, H.",1961,"","Ringmerkingsoversikt 1959",""
"Not relevant (characterizing distribution of plastic for comparison_","Not relevant (characterizing distribution of plastic for comparison_","Cooper, J., Auman, H. J.,  Klavitter, J.",2004,"http://www.pacificseabirdgroup.org/publications/PacificSeabirds/VOL_31_1.pdf","Do the albatrosses on Midway Atoll select cigarette lighters by color?",""
"Not relevant (entanglement)","Not relevant (entanglement)","Gilardi, K. V. K., Carlson-Bremer, D., June, J. A., Antonelis, K., Broadhurst, G., Cowan, T.",2010,"www.sciencedirect.com/science/article/pii/S0025326X09004573","Marine species mortality in derelict fishing nets in Puget Sound, WA and the cost/benefits of derelict net removal","http://dx.doi.org/10.1016/j.marpolbul.2009.10.016"
"Not relevant (entanglement)","Not relevant (entanglement)","Butler, C. B., Matthews, T. R.",2015,"https://academic.oup.com/icesjms/article-lookup/doi/10.1093/icesjms/fsu238","Effects of ghost fishing lobster traps in the Florida Keys","http://dx.doi.org/10.1093/icesjms/fsu238"
"Not relevant (entanglement)","Not relevant (entanglement)","Jones, L. J., Ferrero, R. C.",1985,"http://www.st.nmfs.noaa.gov/tm/swfc/swfc054.pdf","Observations of Net Debris and Associated Entanglements in the North Pacific and Bering Sea",""
"Not relevant (entanglement)","Not relevant (entanglement)","Schrey, E., Vauk, G. J. M.",1987,"http://www.sciencedirect.com/science/article/pii/S0025326X87800243 ","Records of entangled gannets (Sula bassana) at Helgoland, German Bight","http://dx.doi.org/10.1016/S0025-326X(87)80024-3"
"Not relevant (entanglement)","Not relevant (entanglement)","Piatt, J. F., Nettleship, D. N.",1987,"http://www.sciencedirect.com/science/article/pii/S0025326X87800231 ","Incidental catch of marine birds and mammals in fishing nets off Newfoundland, Canada","http://dx.doi.org/10.1016/S0025-326X(87)80023-1"
"Not relevant (entanglement)","Not relevant (entanglement)","Rodriguez, B., Becares, J., Rodriguez, A., Arcos, J. M.",2013,"http://www.sciencedirect.com/science/article/pii/S0025326X1300372X","Incidence of entanglements with marine debris by northern gannets (Morus bassanus) in the non-breeding grounds","http://dx.doi.org/10.1016/j.marpolbul.2013.07.003"
"Not relevant (entanglement)","Not relevant (entanglement)","Good, T. P., June, J. A., Etnier, M. A., Broadhurst, G.",2010,"http://www.sciencedirect.com/science/article/pii/S0025326X09003713","Derelict fishing nets in Puget Sound and the Northwest Straits: Patterns and threats to marine fauna","http://dx.doi.org/10.1016/j.marpolbul.2009.09.005"
"Not relevant (entanglement)","Not relevant (entanglement)","Moore, E., Lyday, S., Roletto, J., Litle, K., Parrish, J. K., Nevins, H., Harvey, J., Mortenson, J., Greig, D., Piazza, M., Hermance, A., Lee, D., Adams, D., Allen, S., Kell, S.",2009,"http://www.sciencedirect.com/science/article/pii/S0025326X09000757","Entanglements of marine mammals and seabirds in central California and the north-west coast of the United States 2001-2005","http://dx.doi.org/10.1016/j.marpolbul.2009.02.006"
"Not relevant (entanglement)","Not relevant (entanglement)","Lucas, Z.",1992,"http://www.sciencedirect.com/science/article/pii/0025326X9290529F?np=y","Monitoring persistent litter in the marine environment on Sable Island, Nova Scotia","10.1016/0025-326X(92)90529-F"
"Not relevant (entanglement)","Not relevant (entanglement)","DeGange, A. R., Newby, T. C.",1980,"http://www.sciencedirect.com/science/article/pii/0025326X80900491","Mortality of seabirds and fish in a lost salmon driftnet","10.1016/0025-326x(80)90049-1"
"Not relevant (entanglement)","Not relevant (entanglement)","Gochfield, M.",1973,"http://www.sciencedirect.com/science/article/pii/0013932773900256","Effect of artefact pollution on the viability of seabird colonies on Long Island, New York","http://dx.doi.org/10.1016/0013-9327(73)90025-6"
"Not relevant (entanglement)","Not relevant (entanglement)","Ryan, P.G.",1991,"http://www.sciencedirect.com/science/article/pii/000632079190076L","The impact of the commercial lobster fishery on seabirds at the Tristan da Cunha Islands, South Atlantic","http://dx.doi.org/10.1016/0006-3207(91)90076-L"
"Not relevant (entanglement)","Not relevant (entanglement)","Gould, P., Ostrom, P., Walker, W.",1997,"http://www.nrcresearchpress.com/doi/abs/10.1139/z97-068#.WGzsbnrpwRo","Trophic relationships of albatrosses associated with squid and large-mesh drift-net fisheries in the North Pacific Ocean","10.1139/z97-068"
"Not relevant (entanglement)","Not relevant (entanglement)","Kaiser, M. J., Bullimore, B., Newman, P., Lock, K., Gilbert, S.",1996,"http://www.int-res.com/abstracts/meps/v145/p11-16/","Catches in 'ghost fishing' set nets","10.3354/meps145011"
"Not relevant (entanglement)","Not relevant (entanglement)","Dau, B. K., Gilardi, K. V. K., Gulland, F. M., Higgins, A., Holcomb, J. B., Leger, J. S., Ziccardi, M. H.",2009,"http://www.bioone.org/doi/pdf/10.7589/0090-3558-45.2.355","Fishing Gear-related injury in California Marine Wildlife","http://dx.doi.org/10.7589/0090-3558-45.2.355"
"Not relevant (entanglement)","Not relevant (entanglement)","Good, T. P., June, J. A., Etnier, M. A., Broadhurst, G.",2009,"http://www.appliedosteology.com/PDFs/Good%20et%20al%202009.pdf","Ghosts of the Salish Sea: threats to marine birds in Puget Sound and the Northwest Straits from derelict fishing gear",""
"Not relevant (entanglement)","Not relevant (entanglement)","Manville, A. M.",1989,"http://swfsc.noaa.gov/publications/TM/SWFSC/NOAA-TM-NMFS-SWFSC-154_P349.PDF","A survey of plastics on western Aleutian Island beaches and related wildlife entanglement",""
"Not relevant (entanglement)","Not relevant (entanglement)","Cooper, J. M.",1994,"http://nora.nerc.ac.uk/515558/","Fishing Hooks Associated with Albatrosses at Bird Island, South Georgia, 1992/1993",""
"Not relevant (entanglement)","Not relevant (entanglement)","Camphuysen, C. J. ",2008,"http://natuurtijdschriften.nl/download?type=document&docid=554015","Entanglement of Seabirds in Marine Litter and Fishing Gear, 1979-2007",""
"Not relevant (experimental)","Not relevant (experimental)","Ryan, P.G., Jackson, S.",1987,"http://www.sciencedirect.com/science/article/pii/0025326X87904619","The lifespan of ingested plastic particles in seabirds and their effect on digestive efficiency","10.1016/0025-326X(87)90461-9"
"Not relevant (experimental)","Not relevant (experimental)","Tanaka, K., Takada, H., Yamashita, R., Mizukawa, K., Fukuwaka, M., Watanuki, Y.",2015,"http://pubs.acs.org/doi/10.1021/acs.est.5b01376","Facilitated Leaching of Additive-Derived PBDEs from Plastic by Seabirds Stomach Oil and Accumulation in Tissues","http://dx.doi.org/10.1021/acs.est.5b01376"
"Not relevant (experimental)","Not relevant (experimental)","Ryan, P. G.",1988,"https://www.sciencedirect.com/science/article/pii/0025326X88907084","Effects of ingested plastic on seabird feeding: Evidence from chickens",""
"Not relevant (experimental)","Not relevant (experimental)","Sievert, P. R., Sileo, L.",1993,"https://pubs.er.usgs.gov/publication/70006702","The effects of ingested plastic on growth and survival of albatross chicks",""
"Not relevant (nest - burrow - pollution)","Not relevant (nest - burrow - pollution)","Buxton, R. T., Currey, C. A., Lyver, P. O'B., Jones, C. J.",2013,"http://www.sciencedirect.com/science/article/pii/S0025326X13003809","Incidence of plastic fragments among burrow-nesting seabird colonies on offshore islands in northern New Zealand","http://dx.doi.org/10.1016/j.marpolbul.2013.07.011"
"Not relevant (nest pollution)","Not relevant (nest pollution)","Phillips, R. A., Ridley, C., Reid, K., Pugh, P. J. A., Tuck, G. N., Harrison, N.",2010,"www.sciencedirect.com/science/article/pii/S0006320709004856","Ingestion of fishing gear and entanglements of seabirds: Monitoring and implications for management","http://dx.doi.org/10.1016/j.biocon.2009.11.020"
"Not relevant (nest pollution)","Not relevant (nest pollution)","Norman, F. I., Menkhorst, P. W., Hurley, V. G.",1995,"http://www.tandfonline.com/doi/abs/10.1071/MU9950129","Plastics in Nests of Australasian Gannets Morus serrator in Victoria, Australia","10.1071/MU9950129"
"Not relevant (nest pollution)","Not relevant (nest pollution)","Tavares, D., Castro da Costa, L. L., Rangel, D. , de Moura, J. F., Fulgencio Zalmon, I., Rosental Siciliano, S.",2016,"http://www.sciencedirect.com/science/article/pii/S1470160X16303041","Nests of the brown booby (Sula leucogaster) as a potential indicator of tropical ocean pollution by marine debris","http://dx.doi.org/10.1016/j.ecolind.2016.06.005"
"Not relevant (nest pollution)","Not relevant (nest pollution)","Witteveen, M., Brown, M., Ryan, P. G.",2017,"http://www.sciencedirect.com/science/article/pii/S0025326X16308694","Anthropogenic debris in the nests of kelp gulls in South Africa","10.1016/j.marpolbul.2016.10.052"
"Not relevant (nest pollution)","Not relevant (nest pollution)","Verlis, K. M., Campbell, M. L., Wilson, S. P.",2014,"http://www.sciencedirect.com/science/article/pii/S0025326X14005190","Marine debris is selected as nesting material by the brown booby (Sula leucogaster) within the Swain Reefs, Great Barrier Reef, Australia","http://dx.doi.org/10.1016/j.marpolbul.2014.07.060"
"Not relevant (nest pollution)","Not relevant (nest pollution)","Lavers, J. L., Hodgson, J. C., Clarke, R. H.",2013,"http://www.sciencedirect.com/science/article/pii/S0025326X13005778","Prevalence and composition of marine debris in Brown Booby (Sula leucogaster) nests at Ashmore Reef","http://dx.doi.org/10.1016/j.marpolbul.2013.09.026"
"Not relevant (nest pollution)","Not relevant (nest pollution)","Bond, A. L., Montevecchi, W. A., Guse, N., Regular, P. M., Garthe, S., Rail, J.-F.",2012,"http://www.sciencedirect.com/science/article/pii/S0025326X12001312","Prevalence and composition of fishing gear debris in the nests of northern gannets (Morus bassanus) are related to fishing effort","http://dx.doi.org/10.1016/j.marpolbul.2012.03.011"
"Not relevant (nest pollution)","Not relevant (nest pollution)","Votier, S. C., Archibald, K., Morgan, G., Morgan, L.",2011,"http://www.sciencedirect.com/science/article/pii/S0025326X10004832","The use of plastic debris as nesting material by a colonial seabird and associated entanglement mortality","http://dx.doi.org/10.1016/j.marpolbul.2010.11.009"
"Not relevant (nest pollution)","Not relevant (nest pollution)","Montevecchi, W.A.",1991,"http://dx.doi.org/10.1139/z91-047","Incidence and types of plastic in gannets' nests in the northwest Atlantic","10.1139/z91-047"
"Not relevant (no plastic)","Not relevant (no plastic)","Crockett, D. E., Reed, S. M.",1976,"http://notornis.osnz.org.nz/system/files/Notornis_23_3.pdf","Phenomenal Antarctic Fulmar Wreck",""
"Not relevant (no plastic)","Not relevant (no plastic)","Hocken, A. G.",2005,"http://dx.doi.org/10.1080/03014223.2005.9518391","Necropsy findings in yellow-êeyed penguins (Megadyptes antipodes) from Otago, New Zealand","http://dx.doi.org/10.1080/03014223.2005.9518391"
"Not relevant (non-seabird)","Not relevant (non-seabird)","Gil-Delgado, J. A., Guijarro, D., Goselvez, R. U., Lopez-Iborra, G. M., Ponz, A., Velasco, A.",2017,"http://www.sciencedirect.com/science/article/pii/S0269749116313306","Presence of plastic particles in waterbirds faeces collected in Spanish lakes","http://dx.doi.org/10.1016/j.envpol.2016.09.054"
"Not relevant (non-seabird)","Not relevant (non-seabird)","Zhao, S., Zhu, L., Li, D.",2016,"http://www.sciencedirect.com/science/article/pii/S0048969716301127","Microscopic anthropogenic litter in terrestrial birds from Shanghai, China: Not only plastics but also natural fibers","http://dx.doi.org/10.1016/j.scitotenv.2016.01.112"
"Not relevant (non-seabird)","Not relevant (non-seabird)","Steen, R., Torjussen, C. S., Jones, D. W., Tsimpidis, T., Miliou, A.",2016,"http://www.sciencedirect.com/science/article/pii/S0025326X16301205","Plastic mistaken for prey by a colony-breeding Eleonora''s falcon (Falco eleonorae) in the Mediterranean Sea, revealed by camera-trap","http://dx.doi.org/10.1016/j.marpolbul.2016.02.069"
"Not relevant (non-seabird)","Not relevant (non-seabird)","Auge, A. A.",2017,"http://www.sciencedirect.com/science/article/pii/S0025326X02002643","Anthropogenic debris in the diet of turkey vultures (Cathartes aura) in a remote and low-populated South Atlantic island","http://dx.doi.org/10.1007/s00300-016-2004-0"
"Not relevant (not specific enough - plastics in as 'indigestible matter')","Not relevant (not specific enough - plastics in as 'indigestible matter')","Ferns, P. N., Mudge, G. P.",2000,"www.sciencedirect.com/science/article/pii/S0043135499004273","Abundance, diet and Salmonella contamination of gulls feeding at sewage outfalls","http://dx.doi.org/10.1016/S0043-1354(99)00427-3"
"Not relevant (not specific enough)","Not relevant (not specific enough)","Fisher, H. I.",1975,"https://scholarspace.manoa.hawaii.edu/handle/10125/1507","Mortality and survival in the Laysan Albatross, Diomedea immutabilis",""
"Not relevant (not specific enough)","Not relevant (not specific enough)","Kenyon, K. W., Kridler, E.",1969,"http://www.jstor.org/stable/4083505?seq=1#page_scan_tab_contents","Laysan Albatrosses swallow indigestible matter","http://dx.doi.org/10.2307/4083505 "
"Not relevant (not specific enough)","Not relevant (not specific enough)","Camphuysen, C. J., Boekhout S., Gronert, A., van Nus, T., Ouwehand, J.",2008,"http://natuurtijdschriften.nl/download?type=document&docid=554009","Bizzare Prey Items: Odd Food Choices in Herring Gulls and Lesser Black-Backed Gulls at Texel",""
"Not relevant (not specific enough)","Not relevant (not specific enough)","Harris, R. J., Tseng, F. S., Pokras, M. A., Suedmeyer, B. A., Bogart, J. S. H., Prescott, R. L., Newman, S. H.",2006,"http://citeseerx.ist.psu.edu/viewdoc/download?doi=10.1.1.668.1139&rep=rep1&type=pdf","Beached bird surveys in Massachusetts: the seabird ecological assessment network (SEANET)",""
"Not relevant (not specific enough)","Not relevant (not specific enough)","Hays, H., Cormons, G.",1974,"//www.sciencedirect.com/science/article/pii/0025326X74902343","Plastic particles found in tern pellets, on coastal beaches and at factory sites","http://dx.doi.org/10.1016/0025-326X(74)90234-3"
"Not relevant (Peck marks in plastic, not plastic in birds)","Not relevant (Peck marks in plastic, not plastic in birds)","Cadee, G. C.",2002,"http://www.sciencedirect.com/science/article/pii/S0025326X02002643","Seabirds and floating plastic debris","10.1016/S0025-326X(02)00264-3"
"Not relevant (Same as Ryan 1987)","Not relevant (Same as Ryan 1987)","Ryan, P. G.",1986,"http://open.uct.ac.za/bitstream/handle/11427/19522/thesis_sci_1986_ryan_peter_g.pdf?sequence=1","The Incidence and Effects of Ingested Plastic on Seabirds ",""
"Not relevant (Same as Ryan 1987)","Not relevant (Same as Ryan 1987)","Ryan, P. G.",1986,"http://open.uct.ac.za/bitstream/handle/11427/19522/thesis_sci_1986_ryan_peter_g.pdf?sequence=1","The Incidence and Effects of Ingested Plastic on Seabirds ",""
"Not relevant (toxicology)","Not relevant (toxicology)","Nilsen, F. D., Hyrenbach, K., Fang, J., Jensen, B.",2014,"http://www.sciencedirect.com/science/article/pii/S0025326X14005141","Use of indicator chemicals to characterize the plastic fragments ingested by Laysan albatross","http://dx.doi.org/10.1016/j.marpolbul.2014.07.055"
"Not relevant (toxicology)","Not relevant (toxicology)","Ryan, P. G., Connell, A. D., Gardner, B. D.",1988,"http://ac.els-cdn.com/0025326X88906741/1-s2.0-0025326X88906741-main.pdf?_tid=4c7ef1de-04d6-11e7-b8ca-00000aab0f02&acdnat=1489070591_37b36fb99d53270db15c3836fd5b62a6","Plastic ingestion and PCBs in seabirds: Is there a relationship?","http://dx.doi.org/10.1016/0025-326X(88)90674-1"
"Not relevant (toxicology)","Not relevant (toxicology)","Rios, Lorena M., Moore, Charles, Jones, Patrick R.",2007,"//www.sciencedirect.com/science/article/pii/S0025326X07001324","Persistent organic pollutants carried by synthetic polymers in the ocean environment","http://dx.doi.org/10.1016/j.marpolbul.2007.03.022"
"Ogi 1989","Yes","Ogi, H.",1989,"https://swfsc.noaa.gov/publications/TM/SWFSC/NOAA-TM-NMFS-SWFSC-154_P635.PDF","Ingestion of plastic particles by sooty and short-tailed shearwaters in the North Pacific",""
"Ogi et al. 1994","Yes","Ogi, H., Momose, K., Sato, F., Aba, N. B.",1994,"https://www.jstage.jst.go.jp/article/jyio1952/26/1/26_1_77/_pdf","Plastic particles found in the gizzard of a starved Black-footed Albatross (Diomedea nigripes). Joumal of the Yamashina Institute for Ornithology 26 (1): 77-80.",""
"Parslow and Jefferies 1972","Yes","Parslow, J. L. F., Jefferies, D. J.",1972,"http://www.sciencedirect.com/science/article/pii/0025326X72901427","Elastic thread pollution of puffins","http://dx.doi.org/10.1016/0025-326x(72)90142-7"
"Petry et al. 2002","Yes","Petry, M. V., Fonseca, V. S.",2002,"http://citeseerx.ist.psu.edu/viewdoc/download?doi=10.1.1.486.3853&rep=rep1&type=pdf","Effects of human activities in the marine environment on seabirds along the coast of Rio Grande do Sul, Brazil",""
"Petry et al. 2007","Yes","Petry, M. V., Fonseca, V. S. S., Scherer, A. L.",2007,"http://download.springer.com/static/pdf/185/art%253A10.1007%252Fs00300-006-0186-6.pdf?originUrl=http%3A%2F%2Flink.springer.com%2Farticle%2F10.1007%2Fs00300-006-0186-6&token2=exp=1485938136~acl=%2Fstatic%2Fpdf%2F185%2Fart%25253A10.1007%25252Fs00300-006-0186 (...)","Analysis of stomach contents from the black-browed albatross, Thalassarche melanophris, on the Coast of Rio Grande do Sul, Southern Brazil","http://dx.doi.org/10.1007/s00300-006-0186-6"
"Petry et al. 2008 (results repeated from Petry 2002)","Yes","Petry, M. V., da Silva Fonseca, V. S., Kruger-Garcia, L., da Cruz Piuco, R., Brummelhaus, J.",2008,"https://link.springer.com/article/10.1007/s00227-008-0954-7","Shearwater diet during migration along the coast of Rio Grande do Sul, Brazil","http://dx.doi.org/10.1007/s00227-008-0954-7"
"Petry et al. 2009","Yes","Petry, M. V., Kruger, L., da Silva Fonseca, V. S., Brummelhaus, J., da Cruz Piuco, R.",2009,"http://link.springer.com/article/10.1007%2Fs10336-009-0373-7","Diet and ingestion of synthetics by Cory's Shearwater Calonectris diomedea off southern Brazil","http://dx.doi.org/10.1007/s10336-009-0373-7"
"Petry et al. 2017","Yes","Petry, M. V., Benemann, V. R. F.",2017,"https://www.researchgate.net/profile/Victoria_Benemann3/publication/313281880_Ingestion_of_marine_debris_by_the_White-chinned_Petrel_Procellaria_aequinoctialis_Is_it_increasing_over_time_off_southern_Brazil/links/58f6158c0f7e9be373ba84ca/Ingestion-of-marine-debris-by-the-White-chinned-Petrel-Procellaria-aequinoctialis-Is-it-increasing-over-time-off-southern-Brazil.pdf","Ingestion of marine debris by the White-chinned Petrel (Procellaria aequinoctialis): Is it increasing over time off southern Brazil?","10.1016/j.marpolbul.2017.01.073"
"Pettit et al. 1981","Yes","Pettit, T. N., Grant, G. S., Whittow, G. C.",1981,"https://sora.unm.edu/sites/default/files/journals/auk/v098n04/p0839-p0841.pdf","Ingestion of plastics by Laysan albatross",""
"Pierce et al. 2004","Yes","Pierce, K. E., Harris, R. J., Larned, L. S., Pokras, M. A.",2004,"http://marineornithology.org/PDF/32_2/32_2_187-189.pdf","Obstruction and starvation associated with plastic ingestion in a Northern Gannet Morus bassanus and a Greater Shearwater Puffinus gravis",""
"Pinto et al. 2006","Yes","Pinto, M. B. L. C., Siciliano, S., Di Benedite, M.",2006,"http://www.uenf.br/Uenf/Downloads/pgecologia_5733_1217600012.pdf","Stomach contents of the Magellanic penguin Spheniscus magellanicus from the northern distribution limit on the Atlantic coast of Brazil",""
"Poon et al. 2017","Yes","Poon, F. E., Provencher, J. F., Mallory, M. L., Braune, B. M., Smith, P. A.",2017,"http://www.sciencedirect.com/science/article/pii/S0025326X1630964X","Levels of ingested debris vary across species in Canadian Arctic seabirds","http://dx.doi.org/10.1016/j.marpolbul.2016.11.051"
"Powers and Van Ga 1979","Yes","Powers, K. D. and J. A. Van Os. ",1979,"","A concentration of Greater Shearwaters in the western North Atlantic. ",""
"Provencher et al. 2009","Yes","Provencher, J. F., Gaston, A. J., Mallory, M. L.",2009,"http://www.sciencedirect.com/science/article/pii/S0025326X09001416","Evidence for increased ingestion of plastics by northern fulmars (Fulmarus glacialis) in the Canadian Arctic","http://dx.doi.org/10.1016/j.marpolbul.2009.04.002"
"Provencher et al. 2010","Yes","Provencher, J. F., Gaston, A. J., Mallory, M. L., O'Hara, P. D., Gilchrist, H.",2010,"http://www.sciencedirect.com/science/article/pii/S0025326X10002183","Ingested plastic in a diving seabird, the thick-billed murre (Uria lomvia), in the eastern Canadian Arctic","http://dx.doi.org/10.1016/j.marpolbul.2010.05.017"
"Provencher et al. 2014","Yes","Provencher, J. F., Bond, A. L., Hedd, A., Montevecchi, W. A., Muzaffar, S. B., Courchesne, S. J., Gilchrist, H. G., Jamieson, S. E., Merkel, F. R., Falk, K., Durinck, J., Mallory, M. L.",2014,"http://www.sciencedirect.com/science/article/pii/S0025326X14002707","Prevelance of marine debris in marine birds from the North Atlantic",""
"Randall et al. 1983","Yes","Randall, B., Randall, R., Roussow, G.",1983,"","Plastic particle pollution in great shearwaters (Puffinis gravie) from Gough Island",""
"Rappoport 2000","Yes","Various",NA,"","Letter to Steven Pennoyer Re: Endangered Species Act Formal Section 7 Consultation for 1999-2000 Hook-and-Line Groundfish Fisheries of the Gulf of Alaska and Bering Sea and Aleutian Islands Area.",""
"Reed 1981","Yes","Reid, S.",1981,"http://notornis.osnz.org.nz/system/files/Notornis_28_4.pdf","Wreck of kerguelen and blue petrels",""
"Robards 1993","Yes","Robards, M. D.",1993,"Plastic ingestion by North Pacific seabirds. ","Plastic ingestion by North Pacific seabirds. ",""
"Robards et al. 1995","Yes","Robards, M. D., Piatt, J. F., Wohl, K. D.",1995,"http://www.sciencedirect.com/science/article/pii/0025326X9400121O","Increasing frequency of plastic particles ingested by seabirds in the subarctic North Pacific","http://dx.doi.org/10.1016/0025-326x(94)00121-o"
"Robards et al. 1997","not relevant (duplicate of Robards et al. 1995 - republished paper as book)","Robards, M. D., Gould, P. J., Piatt, J. F. ",1997,"https://www.researchgate.net/publication/259115665_The_Highest_Global_Concentrations_and_Increased_Abundance_of_Oceanic_Plastic_Debris_in_the_North_Pacific_Evidence_from_Seabirds","The Highest Global Concentrations and Increased Abundance of Oceanic Plastic Debris in the North Pacific: Evidence from Seabirds",""
"Robertson et al. 2004","Yes","Robertson, C. J. R., Bell, E., Scofield, P.",2004,"http://www.doc.govt.nz/Documents/science-and-technical/dsis155.pdf","Autopsy report for seabirds killed and returned from New Zealand fisheries, 1 October 2001 to 30 September 2002",""
"Rodrigues et al. 2012","Yes","Rodriguez, A., Rodriguez, B., Nazaret Carrasco, M.",2012,"www.sciencedirect.com/science/article/pii/S0025326X1200272X","High prevalence of parental delivery of plastic debris in Cory‰Ûªs shearwaters (Calonectris diomedea)","http://dx.doi.org/10.1016/j.marpolbul.2012.06.011"
"Roman et al. 2016","Yes","Roman, L., Schuyler, Q. A., Hardesty, B. D., Townsend, K. A.",2016,"http://dx.doi.org/10.1371%2Fjournal.pone.0158343","Anthropogenic Debris Ingestion by Avifauna in Eastern Australia","10.1371/journal.pone.0158343"
"Roman et al. 2019","Yes","Roman, L., Bell, E., Wilcox, C., Hardesty, B. D., Hinell, M.",2019,"https://www.nature.com/articles/s41598-018-37324-w","Ecological drivers of marine debris ingestion in Procellariiform Seabirds","TBD"
"Rothstein 1973","Yes","Rothstein, S. I.",1973,"https://sora.unm.edu/sites/default/files/journals/condor/v075n03/p0344-p0345.pdf","Plastic particle pollution of the surface of the Atlantic Ocean: evidence from a seabird",""
"Rummel et al. 2016","Not relevant (non-seabird)","Rummel, C. D., L_der, M. G. J., Fricke, N. F., Lang, T., Griebeler, E.-M., Janke, M., Gerdts, G.",2016,"http://linkinghub.elsevier.com/retrieve/pii/S0025326X15301922","Plastic ingestion by pelagic and demersal fish from the North Sea and Baltic Sea",""
"Ryan 1987","Yes","Ryan, P. G.",1987,"http://www.sciencedirect.com/science/article/pii/0141113687900286","The incidence and characteristics of plastic particles ingested by seabirds","http://dx.doi.org/10.1016/0141-1136(87)90028-6"
"Ryan and Fraser 1988","Yes","Ryan, P. G., Fraser, M. W.",1988,"http://www.tandfonline.com/doi/abs/10.1071/MU9880016","The Use of Great Skua Pellets as Indicators of Plastic Pollution in Seabirds","10.1071/MU9880016"
"Ryan et al. 2016","Yes","Ryan, P. G., de Bruyn, P. J. N., Bester, M. N.",2016,"http://www.sciencedirect.com/science/article/pii/S0025326X16300273","Regional differences in plastic ingestion among Southern Ocean fur seals and albatrosses","http://dx.doi.org/10.1016/j.marpolbul.2016.01.032"
"Ryan, 2008","Yes","Ryan, P. G.",2008,"www.sciencedirect.com/science/article/pii/S0025326X08002695","Seabirds indicate changes in the composition of plastic litter in the Atlantic and south-western Indian Oceans","http://dx.doi.org/10.1016/j.marpolbul.2008.05.004"
"Seif et al. 2017","Yes","Seif, S., Provencher, J. F., Avery-Gomm, S., Daoust, P.-Y., Mallory, M. L., Smith, P. A.",2017,"http://link.springer.com/10.1007/s00244-017-0492-8","Plastic and Non-plastic Debris Ingestion in Three Gull Species Feeding in an Urban Landfill Environment",""
"Sileo et al. 1990a","Yes","Sileo, L., Sievert, P. R., Samuel, M. D.",1990,"https://ecos.fws.gov/ServCat/Reference/Profile/23328","Prevalence and Characteristics of Plastic ingested by Hawaiian Seabirds",""
"Sileo et al. 1990b","Yes","Sileo, L., Sievert, P. R., Samuel, M. D.",1990,"http://www.jwildlifedis.org/doi/abs/10.7589/0090-3558-26.3.329","Causes of Mortality of Albatross Chicks at Midway Atoll","10.7589/0090-3558-26.3.329"
"Slip et al. 1990","Yes","Slip, D.J., Green, K., Woehler, E.J.",1990,"http://www.marineornithology.org/PDF/18/MO_1990_15.pdf","Ingestion of anthropogenic articles by seabirds at Macquarie Island",""
"Spear et al. 1995","Yes","Spear, L. B., Ainley, D. G., Ribic, C. A.",1995,"www.sciencedirect.com/science/article/pii/014111369400140K","Incidence of plastic in seabirds from the tropical pacific, 1984‰ÛÒ1991: Relation with distribution of species, sex, age, season, year and body weight","http://dx.doi.org/10.1016/0141-1136(94)00140-K"
"Tanaka et al. 2013","Yes","Tanaka, K., Takada, H., Yamashita, R., Mizukawa, K., Fukuwaka, M., Watanuki, Y.",2013,"http://www.sciencedirect.com/science/article/pii/S0025326X12005942","Accumulation of plastic-derived chemicals in tissues of seabirds ingesting marine plastics","http://dx.doi.org/10.1016/j.marpolbul.2012.12.010"
"Tavares et al. 2017","Yes","Tavares, D. C., de Moura, J. F., Merico, A., Siciliano, S.",2017,"https://www.sciencedirect.com/science/article/pii/S0025326X17303053","Incidence of marine debris in seabirds feeding at different water depths","https://doi.org/10.1016/j.marpolbul.2017.04.012"
"Terepocki et al. 2017","Yes","Terepocki, A. K., Brush, A. T., Kleine, L. U., Shugart, G. W., Hodum, P.",2017,"http://www.sciencedirect.com/science/article/pii/S0025326X16310682","Size and dynamics of microplastic in gastrointestinal tracts of Northern Fulmars (Fulmarus glacialis) and Sooty Shearwaters (Ardenna grisea)","http://dx.doi.org/10.1016/j.marpolbul.2016.12.064"
"Tourinho et al. 2010","Yes","Tourinho, P. S., Ivar do Sul, J. A., Fillmann, G.",2010,"www.sciencedirect.com/science/article/pii/S0025326X09004548","Is marine debris ingestion still a problem for the coastal marine biota of southern Brazil?","http://dx.doi.org/10.1016/j.marpolbul.2009.10.013"
"Trevail et al. 2015","Yes","Trevail, A. M., Gabrielsen, G. W., Kuhn, S., Van Franeker, J. A.",2015,"http://link.springer.com/article/10.1007%2Fs00300-015-1657-4","Elevated levels of ingested plastic in a high Arctic seabird, the northern fulmar (Fulmarus glacialis)","http://dx.doi.org/10.1007/s00300-015-1657-4"
"van Franeker 1983","Yes","van Franeker, J. A.",1983,"","",""
"van Franeker 1985","Not used (duplicate of results reported elsewhere)","van Franeker, J. A.",1985,"http://www.sciencedirect.com/science/article/pii/0025326X85900906","Plastic ingestion in the North Atlantic fulmar","http://dx.doi.org/10.1016/0025-326x(85)90090-6"
"van Franeker and Bell 1988","Yes","van Franeker, J. A. Bell, P. J.",1988,"http://www.sciencedirect.com/science/article/pii/0025326X88903888","Plastic ingestion by petrels breeding in Antarctica","http://dx.doi.org/10.1016/0025-326X(88)90388-8"
"van Franeker and Camphuysen 1984","Yes","van Franeker, J. A. and Camphuysen, C. J. ",1984,"https://repository.naturalis.nl/pub/506333","",""
"van Franeker and The SNS Fulmar Study Group 2013","Yes","van Franeker and The SNS Fulmar Study Group ",2013,"https://www.sciencedirect.com/science/refhub/S0269-7491(15)00110-4/sref62","Report on fulmarus glacialis expedition II Jan Mayen june-august 1983",""
"van Franeker et al. 2004","Not used (duplicate of results reported elsewhere)","van Franeker, J. A., Meijboom, A., de Jong, M. L.",2004,"http://www.google.de/url?sa=t&rct=j&q=&esrc=s&source=web&cd=1&ved=0ahUKEwiA8Yin6YbOAhUHWCwKHe6VBf4QFggmMAA&url=http%3A%2F%2Fwww.vliz.be%2Fimisdocs%2Fpublications%2F100586.pdf&usg=AFQjCNELRu6HrPj2ow188617qqCnNz3dxQ&bvm=bv.127521224,d.bGg","Marine litter monitoring by Northern Fulmars in the Netherlands 1982-2003",""
"van Franeker et al. 2011","Yes","van Franeker, J. A., Blaize, C., Danielsen, J.,Fairclough, K., Gollan, J., Guse, N., Hansen, P., Heubeck, M., Jensen, J., Le Guillou, G., Olsen, B., Olsen, K., Pedersen, J., Stienen, E. W. M., Turner, D. M.",2011,"http://www.sciencedirect.com/science/article/pii/S0269749111003344","Monitoring plastic ingestion by the northern fulmar Fulmarus glacialis in the North Sea","http://dx.doi.org/10.1016/j.envpol.2011.06.008"
"Verlis et al. 2013","Yes","Verlis, K. M., Campbell, M. L., Wilson, S. P.",2013,"http://www.sciencedirect.com/science/article/pii/S0025326X13001574","Ingestion of marine debris plastic by the wedge-tailed shearwater Ardenna pacifica in the Great Barrier Reef, Australia","http://dx.doi.org/10.1016/j.marpolbul.2013.03.017"
"Vlietstra & Parga 2002","Yes","Vliestra, L. S., Parga, J. A.",2002,"www.sciencedirect.com/science/article/pii/S0025326X02001303","Long-term changes in the type, but not amount, of ingested plastic particles in short-tailed shearwaters in the southeastern Bering Sea","http://dx.doi.org/10.1016/S0025-326X(02)00130-3"
"Watanuki 1985","Yes","Watanuki, Y.",1985,"https://sora.unm.edu/sites/default/files/journals/auk/v102n04/p0884-p0886.pdf","Food of Breeding LeachÕs Storm-Petrels (Oceanodroma leucorhoa)",""
"Wilcox et al. 2015 ","Yes","Wilcox, C., Van Sebille, E., Hardesty, B. D.",2015,"http://www.pnas.org/content/early/2015/08/27/1502108112.abstract","Threat of plastic pollution to seabirds is global, pervasive, and increasing","http://dx.doi.org/10.1073/pnas.1502108112"
"Yamashita et al. 2011","Yes","Yamashita, R., Takada, H., Fukuwaka, M., Watanuki, Y.",2011,"www.sciencedirect.com/science/article/pii/S0025326X11005480","Physical and chemical effects of ingested plastic debris on short-tailed shearwaters, Puffinus tenuirostris, in the North Pacific Ocean","http://dx.doi.org/10.1016/j.marpolbul.2011.10.008"
"Young et al. 2009","Yes","Young, L. C., Vanderlip, C., Duffy, D. C., Afanasyev, V., Shaffer, S. A.",2009,"http://dx.doi.org/10.1371%2Fjournal.pone.0007623","Bringing Home the Trash: Do Colony-Based Differences in Foraging Distribution Lead to Increased Plastic Ingestion in Laysan Albatrosses?","10.1371/journal.pone.0007623"
"Youngren et al. 2018","Yes","Youngrena, S. M., Rappa, D. C., Hyrenbacha, D. K.",2018,"https://ac.els-cdn.com/S0025326X1830064X/1-s2.0-S0025326X1830064X-main.pdf?_tid=93c9c4f3-a4ab-4953-ad37-4b9499624417&acdnat=1520672729_f4e7c5bfda86d2653cb92aa616c14ab5","Plastic ingestion by Tristram's Storm-petrel (Oceanodroma tristrami) chicks from French frigate shoals, Northwestern Hawaiian Islands ",""
"Zonfrillo 1985","Yes","Zonfrillo, B.",1985,"https://www.britishbirds.co.uk/wp-content/uploads/article_files/V78/V78_N07/V78_N07_P350_354_N081.pdf","Petrels eating contraceptives, polythene and plastic beads",""
