"SISRecID_BLVr9","Common.name_BirdTree","Common.name_BLVr9","TipLabel_BirdTree","TipLabel_BLVr9","Order","BLFamilyLatin","BLFamilyEnglish","Data..Availability"
22724879,"Common Scoter","Common Scoter","Melanitta_nigra","Melanitta_nigra","ANSERIFORMES","Anatidae","Ducks, geese, swans","Plastic ingestion data not available/included in published database (Data S2)"
22680412,"Spectacled Eider","Spectacled Eider","Somateria_fischeri","Somateria_fischeri","ANSERIFORMES","Anatidae","Ducks, geese, swans","Plastic ingestion data not available/included in published database (Data S2)"
22680415,"Steller's Eider","Steller's Eider","Polysticta_stelleri","Polysticta_stelleri","ANSERIFORMES","Anatidae","Ducks, geese, swans","Plastic ingestion data not available/included in published database (Data S2)"
22694262,"African Skimmer","African Skimmer","Rynchops_flavirostris","Rynchops_flavirostris","CHARADRIIFORMES","Laridae","Gulls, terns, skimmers","Plastic ingestion data not available/included in published database (Data S2)"
22694440,"Andean Gull","Andean Gull","Larus_serranus","Larus_serranus","CHARADRIIFORMES","Laridae","Gulls, terns, skimmers","Plastic ingestion data not available/included in published database (Data S2)"
22694357,"Armenian Gull","Armenian Gull","Larus_armenicus","Larus_armenicus","CHARADRIIFORMES","Laridae","Gulls, terns, skimmers","Plastic ingestion data not available/included in published database (Data S2)"
22694282,"Belcher's Gull","Belcher's Gull","Larus_belcheri","Larus_belcheri","CHARADRIIFORMES","Laridae","Gulls, terns, skimmers","Plastic ingestion data not available/included in published database (Data S2)"
22694256,"Black Skimmer","Black Skimmer","Rynchops_niger","Rynchops_niger","CHARADRIIFORMES","Laridae","Gulls, terns, skimmers","Plastic ingestion data not available/included in published database (Data S2)"
22694711,"Black-bellied Tern","Black-bellied Tern","Sterna_acuticauda","Sterna_acuticauda","CHARADRIIFORMES","Laridae","Gulls, terns, skimmers","Plastic ingestion data not available/included in published database (Data S2)"
22694413,"Black-billed Gull","Black-billed Gull","Larus_bulleri","Larus_bulleri","CHARADRIIFORMES","Laridae","Gulls, terns, skimmers","Plastic ingestion data not available/included in published database (Data S2)"
22694750,"Black-fronted Tern","Black-fronted Tern","Sterna_albostriata","Chlidonias_albostriatus","CHARADRIIFORMES","Laridae","Gulls, terns, skimmers","Plastic ingestion data not available/included in published database (Data S2)"
22694612,"Black-naped Tern","Black-naped Tern","Sterna_sumatrana","Sterna_sumatrana","CHARADRIIFORMES","Laridae","Gulls, terns, skimmers","Plastic ingestion data not available/included in published database (Data S2)"
22694730,"Bridled Tern","Bridled Tern","Sterna_anaethetus","Onychoprion_anaethetus","CHARADRIIFORMES","Laridae","Gulls, terns, skimmers","Plastic ingestion data not available/included in published database (Data S2)"
22694384,"Brown-headed Gull","Brown-headed Gull","Larus_brunnicephalus","Larus_brunnicephalus","CHARADRIIFORMES","Laridae","Gulls, terns, skimmers","Plastic ingestion data not available/included in published database (Data S2)"
22694417,"Brown-hooded Gull","Brown-hooded Gull","Larus_maculipennis","Larus_maculipennis","CHARADRIIFORMES","Laridae","Gulls, terns, skimmers","Plastic ingestion data not available/included in published database (Data S2)"
22694321,"California Gull","California Gull","Larus_californicus","Larus_californicus","CHARADRIIFORMES","Laridae","Gulls, terns, skimmers","Plastic ingestion data not available/included in published database (Data S2)"
22735929,"Caspian Gull","Caspian Gull","Larus_cachinnans","Larus_cachinnans","CHARADRIIFORMES","Laridae","Gulls, terns, skimmers","Plastic ingestion data not available/included in published database (Data S2)"
22694524,"Caspian Tern","Caspian Tern","Sterna_caspia","Hydroprogne_caspia","CHARADRIIFORMES","Laridae","Gulls, terns, skimmers","Plastic ingestion data not available/included in published database (Data S2)"
22694210,"Chilean Skua","Chilean Skua","Catharacta_chilensis","Catharacta_chilensis","CHARADRIIFORMES","Stercorariidae","Skuas","Plastic ingestion data not available/included in published database (Data S2)"
22694585,"Chinese Crested Tern","Chinese Crested Tern","Sterna_bernsteini","Thalasseus_bernsteini","CHARADRIIFORMES","Laridae","Gulls, terns, skimmers","Plastic ingestion data not available/included in published database (Data S2)"
62026481,"Common Gull-billed Tern","Common Gull-billed Tern","Sterna_nilotica","Gelochelidon_nilotica","CHARADRIIFORMES","Laridae","Gulls, terns, skimmers","Plastic ingestion data not available/included in published database (Data S2)"
22694887,"Craveri's Murrelet","Craveri's Murrelet","Synthliboramphus_craveri","Synthliboramphus_craveri","CHARADRIIFORMES","Alcidae","Auks","Plastic ingestion data not available/included in published database (Data S2)"
22694699,"Damara Tern","Damara Tern","Sterna_balaenarum","Sternula_balaenarum","CHARADRIIFORMES","Laridae","Gulls, terns, skimmers","Plastic ingestion data not available/included in published database (Data S2)"
22694271,"Dolphin Gull","Dolphin Gull","Leucophaeus_scoresbii","Larus_scoresbii","CHARADRIIFORMES","Laridae","Gulls, terns, skimmers","Plastic ingestion data not available/included in published database (Data S2)"
22694552,"Elegant Tern","Elegant Tern","Sterna_elegans","Thalasseus_elegans","CHARADRIIFORMES","Laridae","Gulls, terns, skimmers","Plastic ingestion data not available/included in published database (Data S2)"
22694646,"Forster's Tern","Forster's Tern","Sterna_forsteri","Sterna_forsteri","CHARADRIIFORMES","Laridae","Gulls, terns, skimmers","Plastic ingestion data not available/included in published database (Data S2)"
22694462,"Franklin's Gull","Franklin's Gull","Larus_pipixcan","Larus_pipixcan","CHARADRIIFORMES","Laridae","Gulls, terns, skimmers","Plastic ingestion data not available/included in published database (Data S2)"
22694292,"Grey Gull","Grey Gull","Larus_modestus","Larus_modestus","CHARADRIIFORMES","Laridae","Gulls, terns, skimmers","Plastic ingestion data not available/included in published database (Data S2)"
22733705,"Grey Noddy","Grey Noddy","Procelsterna_albivitta","Procelsterna_albivitta","CHARADRIIFORMES","Laridae","Gulls, terns, skimmers","Plastic ingestion data not available/included in published database (Data S2)"
22694387,"Grey-headed Gull","Grey-headed Gull","Larus_cirrocephalus","Larus_cirrocephalus","CHARADRIIFORMES","Laridae","Gulls, terns, skimmers","Plastic ingestion data not available/included in published database (Data S2)"
22694834,"Inca Tern","Inca Tern","Larosterna_inca","Larosterna_inca","CHARADRIIFORMES","Laridae","Gulls, terns, skimmers","Plastic ingestion data not available/included in published database (Data S2)"
22694268,"Indian Skimmer","Indian Skimmer","Rynchops_albicollis","Rynchops_albicollis","CHARADRIIFORMES","Laridae","Gulls, terns, skimmers","Plastic ingestion data not available/included in published database (Data S2)"
22694899,"Japanese Murrelet","Japanese Murrelet","Synthliboramphus_wumizusume","Synthliboramphus_wumizusume","CHARADRIIFORMES","Alcidae","Auks","Plastic ingestion data not available/included in published database (Data S2)"
22694641,"Kerguelen Tern","Kerguelen Tern","Sterna_virgata","Sterna_virgata","CHARADRIIFORMES","Laridae","Gulls, terns, skimmers","Plastic ingestion data not available/included in published database (Data S2)"
22694791,"Large-billed Tern","Large-billed Tern","Phaetusa_simplex","Phaetusa_simplex","CHARADRIIFORMES","Laridae","Gulls, terns, skimmers","Plastic ingestion data not available/included in published database (Data S2)"
22694455,"Laughing Gull","Laughing Gull","Larus_atricilla","Larus_atricilla","CHARADRIIFORMES","Laridae","Gulls, terns, skimmers","Plastic ingestion data not available/included in published database (Data S2)"
22694452,"Lava Gull","Lava Gull","Larus_fuliginosus","Larus_fuliginosus","CHARADRIIFORMES","Laridae","Gulls, terns, skimmers","Plastic ingestion data not available/included in published database (Data S2)"
22694921,"Least Auklet","Least Auklet","Aethia_pusilla","Aethia_pusilla","CHARADRIIFORMES","Alcidae","Auks","Plastic ingestion data not available/included in published database (Data S2)"
22694673,"Least Tern","Least Tern","Sterna_antillarum","Sternula_antillarum","CHARADRIIFORMES","Laridae","Gulls, terns, skimmers","Plastic ingestion data not available/included in published database (Data S2)"
22694561,"Lesser Crested Tern","Lesser Crested Tern","Sterna_bengalensis","Thalasseus_bengalensis","CHARADRIIFORMES","Laridae","Gulls, terns, skimmers","Plastic ingestion data not available/included in published database (Data S2)"
22694469,"Little Gull","Little Gull","Larus_minutus","Hydrocoloeus_minutus","CHARADRIIFORMES","Laridae","Gulls, terns, skimmers","Plastic ingestion data not available/included in published database (Data S2)"
22694830,"Little White Tern","Little White Tern","Gygis_microrhyncha","Gygis_microrhyncha","CHARADRIIFORMES","Laridae","Gulls, terns, skimmers","Plastic ingestion data not available/included in published database (Data S2)"
22729000,"Long-billed Murrelet","Long-billed Murrelet","Brachyramphus_perdix","Brachyramphus_perdix","CHARADRIIFORMES","Alcidae","Auks","Plastic ingestion data not available/included in published database (Data S2)"
22694286,"Olrog's Gull","Olrog's Gull","Larus_atlanticus","Larus_atlanticus","CHARADRIIFORMES","Laridae","Gulls, terns, skimmers","Plastic ingestion data not available/included in published database (Data S2)"
22694279,"Pacific Gull","Pacific Gull","Larus_pacificus","Larus_pacificus","CHARADRIIFORMES","Laridae","Gulls, terns, skimmers","Plastic ingestion data not available/included in published database (Data S2)"
22694379,"Pallas's Gull","Pallas's Gull","Larus_ichthyaetus","Larus_ichthyaetus","CHARADRIIFORMES","Laridae","Gulls, terns, skimmers","Plastic ingestion data not available/included in published database (Data S2)"
22694685,"Peruvian Tern","Peruvian Tern","Sterna_lorata","Sternula_lorata","CHARADRIIFORMES","Laridae","Gulls, terns, skimmers","Plastic ingestion data not available/included in published database (Data S2)"
22694447,"Relict Gull","Relict Gull","Larus_relictus","Larus_relictus","CHARADRIIFORMES","Laridae","Gulls, terns, skimmers","Plastic ingestion data not available/included in published database (Data S2)"
22694317,"Ring-billed Gull","Ring-billed Gull","Larus_delawarensis","Larus_delawarensis","CHARADRIIFORMES","Laridae","Gulls, terns, skimmers","Plastic ingestion data not available/included in published database (Data S2)"
22694476,"Ross's Gull","Ross's Gull","Rhodostethia_rosea","Rhodostethia_rosea","CHARADRIIFORMES","Laridae","Gulls, terns, skimmers","Plastic ingestion data not available/included in published database (Data S2)"
22694436,"Saunders's Gull","Saunders's Gull","Larus_saundersi","Saundersilarus_saundersi","CHARADRIIFORMES","Laridae","Gulls, terns, skimmers","Plastic ingestion data not available/included in published database (Data S2)"
22694666,"Saunders's Tern","Saunders's Tern","Sterna_saundersi","Sternula_saundersi","CHARADRIIFORMES","Laridae","Gulls, terns, skimmers","Plastic ingestion data not available/included in published database (Data S2)"
22694428,"Slender-billed Gull","Slender-billed Gull","Larus_genei","Larus_genei","CHARADRIIFORMES","Laridae","Gulls, terns, skimmers","Plastic ingestion data not available/included in published database (Data S2)"
22694651,"Snowy-crowned Tern","Snowy-crowned Tern","Sterna_trudeaui","Sterna_trudeaui","CHARADRIIFORMES","Laridae","Gulls, terns, skimmers","Plastic ingestion data not available/included in published database (Data S2)"
22694303,"Sooty Gull","Sooty Gull","Larus_hemprichii","Larus_hemprichii","CHARADRIIFORMES","Laridae","Gulls, terns, skimmers","Plastic ingestion data not available/included in published database (Data S2)"
22694867,"Spectacled Guillemot","Spectacled Guillemot","Cepphus_carbo","Cepphus_carbo","CHARADRIIFORMES","Alcidae","Auks","Plastic ingestion data not available/included in published database (Data S2)"
22694493,"Swallow-tailed Gull","Swallow-tailed Gull","Creagrus_furcatus","Creagrus_furcatus","CHARADRIIFORMES","Laridae","Gulls, terns, skimmers","Plastic ingestion data not available/included in published database (Data S2)"
22728995,"Thayer's Gull","Thayer's Gull","Larus_thayeri","Larus_thayeri","CHARADRIIFORMES","Laridae","Gulls, terns, skimmers","Plastic ingestion data not available/included in published database (Data S2)"
22694337,"Western Gull","Western Gull","Larus_occidentalis","Larus_occidentalis","CHARADRIIFORMES","Laridae","Gulls, terns, skimmers","Plastic ingestion data not available/included in published database (Data S2)"
22694764,"Whiskered Tern","Whiskered Tern","Chlidonias_hybrida","Chlidonias_hybrida","CHARADRIIFORMES","Laridae","Gulls, terns, skimmers","Plastic ingestion data not available/included in published database (Data S2)"
22694705,"White-cheeked Tern","White-cheeked Tern","Sterna_repressa","Sterna_repressa","CHARADRIIFORMES","Laridae","Gulls, terns, skimmers","Plastic ingestion data not available/included in published database (Data S2)"
22694299,"White-eyed Gull","White-eyed Gull","Larus_leucophthalmus","Larus_leucophthalmus","CHARADRIIFORMES","Laridae","Gulls, terns, skimmers","Plastic ingestion data not available/included in published database (Data S2)"
22694607,"White-fronted Tern","White-fronted Tern","Sterna_striata","Sterna_striata","CHARADRIIFORMES","Laridae","Gulls, terns, skimmers","Plastic ingestion data not available/included in published database (Data S2)"
22694782,"White-winged Tern","White-winged Tern","Chlidonias_leucopterus","Chlidonias_leucopterus","CHARADRIIFORMES","Laridae","Gulls, terns, skimmers","Plastic ingestion data not available/included in published database (Data S2)"
22694679,"Yellow-billed Tern","Yellow-billed Tern","Sterna_superciliaris","Sternula_superciliaris","CHARADRIIFORMES","Laridae","Gulls, terns, skimmers","Plastic ingestion data not available/included in published database (Data S2)"
22694340,"Yellow-footed Gull","Yellow-footed Gull","Larus_livens","Larus_livens","CHARADRIIFORMES","Laridae","Gulls, terns, skimmers","Plastic ingestion data not available/included in published database (Data S2)"
22697834,"Arctic Loon","Arctic Loon","Gavia_arctica","Gavia_arctica","GAVIIFORMES","Gaviidae","Loons/divers","Plastic ingestion data not available/included in published database (Data S2)"
22697847,"Yellow-billed Loon","Yellow-billed Loon","Gavia_adamsii","Gavia_adamsii","GAVIIFORMES","Gaviidae","Loons/divers","Plastic ingestion data not available/included in published database (Data S2)"
22697611,"American White Pelican","American White Pelican","Pelecanus_erythrorhynchos","Pelecanus_erythrorhynchos","PELECANIFORMES","Pelecanidae","Pelicans","Plastic ingestion data not available/included in published database (Data S2)"
22733989,"Brown Pelican","Brown Pelican","Pelecanus_occidentalis","Pelecanus_occidentalis","PELECANIFORMES","Pelecanidae","Pelicans","Plastic ingestion data not available/included in published database (Data S2)"
22697599,"Dalmatian Pelican","Dalmatian Pelican","Pelecanus_crispus","Pelecanus_crispus","PELECANIFORMES","Pelecanidae","Pelicans","Plastic ingestion data not available/included in published database (Data S2)"
22697590,"Great White Pelican","Great White Pelican","Pelecanus_onocrotalus","Pelecanus_onocrotalus","PELECANIFORMES","Pelecanidae","Pelicans","Plastic ingestion data not available/included in published database (Data S2)"
22697619,"Peruvian Pelican","Peruvian Pelican","Pelecanus_thagus","Pelecanus_thagus","PELECANIFORMES","Pelecanidae","Pelicans","Plastic ingestion data not available/included in published database (Data S2)"
22697595,"Pink-backed Pelican","Pink-backed Pelican","Pelecanus_rufescens","Pelecanus_rufescens","PELECANIFORMES","Pelecanidae","Pelicans","Plastic ingestion data not available/included in published database (Data S2)"
22697604,"Spot-billed Pelican","Spot-billed Pelican","Pelecanus_philippensis","Pelecanus_philippensis","PELECANIFORMES","Pelecanidae","Pelicans","Plastic ingestion data not available/included in published database (Data S2)"
22696637,"Red-billed Tropicbird","Red-billed Tropicbird","Phaethon_aethereus","Phaethon_aethereus","PHAETHONTIFORMES","Phaethontidae","Tropicbirds","Plastic ingestion data not available/included in published database (Data S2)"
22698310,"Amsterdam Albatross","Amsterdam Albatross","Diomedea_amsterdamensis","Diomedea_amsterdamensis","PROCELLARIIFORMES","Diomedeidae","Albatrosses","Plastic ingestion data not available/included in published database (Data S2)"
22698562,"Ashy Storm-petrel","Ashy Storm-petrel","Oceanodroma_homochroa","Hydrobates_homochroa","PROCELLARIIFORMES","Hydrobatidae","Northern storm-petrels","Plastic ingestion data not available/included in published database (Data S2)"
45959182,"Audubon's Shearwater","Audubon's Shearwater","Puffinus_lherminieri","Puffinus_lherminieri","PROCELLARIIFORMES","Procellariidae","Petrels, shearwaters","Plastic ingestion data not available/included in published database (Data S2)"
22698035,"Barau's Petrel","Barau's Petrel","Pterodroma_baraui","Pterodroma_baraui","PROCELLARIIFORMES","Procellariidae","Petrels, shearwaters","Plastic ingestion data not available/included in published database (Data S2)"
22697913,"Beck's Petrel","Beck's Petrel","Pseudobulweria_becki","Pseudobulweria_becki","PROCELLARIIFORMES","Procellariidae","Petrels, shearwaters","Plastic ingestion data not available/included in published database (Data S2)"
22698088,"Bermuda Petrel","Bermuda Petrel","Pterodroma_cahow","Pterodroma_cahow","PROCELLARIIFORMES","Procellariidae","Petrels, shearwaters","Plastic ingestion data not available/included in published database (Data S2)"
22698092,"Black-capped Petrel","Black-capped Petrel","Pterodroma_hasitata","Pterodroma_hasitata","PROCELLARIIFORMES","Procellariidae","Petrels, shearwaters","Plastic ingestion data not available/included in published database (Data S2)"
22698246,"Black-vented Shearwater","Black-vented Shearwater","Puffinus_opisthomelas","Puffinus_opisthomelas","PROCELLARIIFORMES","Procellariidae","Petrels, shearwaters","Plastic ingestion data not available/included in published database (Data S2)"
22728011,"Cape Verde Petrel","Cape Verde Petrel","Pterodroma_feae","Pterodroma_feae","PROCELLARIIFORMES","Procellariidae","Petrels, shearwaters","Plastic ingestion data not available/included in published database (Data S2)"
22697949,"Chatham Petrel","Chatham Petrel","Pterodroma_axillaris","Pterodroma_axillaris","PROCELLARIIFORMES","Procellariidae","Petrels, shearwaters","Plastic ingestion data not available/included in published database (Data S2)"
22697935,"Fiji Petrel","Fiji Petrel","Pseudobulweria_macgillivrayi","Pseudobulweria_macgillivrayi","PROCELLARIIFORMES","Procellariidae","Petrels, shearwaters","Plastic ingestion data not available/included in published database (Data S2)"
22698128,"Fulmar Prion","Fulmar Prion","Pachyptila_crassirostris","Pachyptila_crassirostris","PROCELLARIIFORMES","Procellariidae","Petrels, shearwaters","Plastic ingestion data not available/included in published database (Data S2)"
22698017,"Hawaiian Petrel","Hawaiian Petrel","Pterodroma_sandwichensis","Pterodroma_sandwichensis","PROCELLARIIFORMES","Procellariidae","Petrels, shearwaters","Plastic ingestion data not available/included in published database (Data S2)"
22698277,"Heinroth's Shearwater","Heinroth's Shearwater","Puffinus_heinrothi","Puffinus_heinrothi","PROCELLARIIFORMES","Procellariidae","Petrels, shearwaters","Plastic ingestion data not available/included in published database (Data S2)"
22698012,"Herald Petrel","Herald Petrel","Pterodroma_heraldica","Pterodroma_heraldica","PROCELLARIIFORMES","Procellariidae","Petrels, shearwaters","Plastic ingestion data not available/included in published database (Data S2)"
22698097,"Jamaican Petrel","Jamaican Petrel","Pterodroma_caribbaea","Pterodroma_caribbaea","PROCELLARIIFORMES","Procellariidae","Petrels, shearwaters","Plastic ingestion data not available/included in published database (Data S2)"
22698136,"Jouanin's Petrel","Jouanin's Petrel","Bulweria_fallax","Bulweria_fallax","PROCELLARIIFORMES","Procellariidae","Petrels, shearwaters","Plastic ingestion data not available/included in published database (Data S2)"
22698485,"Least Storm-petrel","Least Storm-petrel","Halocyptena_microsoma","Hydrobates_microsoma","PROCELLARIIFORMES","Hydrobatidae","Northern storm-petrels","Plastic ingestion data not available/included in published database (Data S2)"
22698049,"Magenta Petrel","Magenta Petrel","Pterodroma_magentae","Pterodroma_magentae","PROCELLARIIFORMES","Procellariidae","Petrels, shearwaters","Plastic ingestion data not available/included in published database (Data S2)"
22697990,"Masatierra Petrel","Masatierra Petrel","Pterodroma_defilippiana","Pterodroma_defilippiana","PROCELLARIIFORMES","Procellariidae","Petrels, shearwaters","Plastic ingestion data not available/included in published database (Data S2)"
22697896,"Mascarene Petrel","Mascarene Petrel","Pseudobulweria_aterrima","Pseudobulweria_aterrima","PROCELLARIIFORMES","Procellariidae","Petrels, shearwaters","Plastic ingestion data not available/included in published database (Data S2)"
22698548,"Matsudaira's Storm-petrel","Matsudaira's Storm-petrel","Oceanodroma_matsudairae","Hydrobates_matsudairae","PROCELLARIIFORMES","Hydrobatidae","Northern storm-petrels","Plastic ingestion data not available/included in published database (Data S2)"
22735624,"Monteiro's Storm-petrel","Monteiro's Storm-petrel","Oceanodroma_monteiroi","Hydrobates_monteiroi","PROCELLARIIFORMES","Hydrobatidae","Northern storm-petrels","Plastic ingestion data not available/included in published database (Data S2)"
22728808,"New Zealand Storm-petrel","New Zealand Storm-petrel","Oceanites_maorianus","Fregetta_maoriana","PROCELLARIIFORMES","Oceanitidae","Southern storm-petrels","Plastic ingestion data not available/included in published database (Data S2)"
22698280,"Peruvian Diving-petrel","Peruvian Diving-petrel","Pelecanoides_garnotii","Pelecanoides_garnotii","PROCELLARIIFORMES","Procellariidae","Petrels, shearwaters","Plastic ingestion data not available/included in published database (Data S2)"
22698520,"Swinhoe's Storm-petrel","Swinhoe's Storm-petrel","Oceanodroma_monorhis","Hydrobates_monorhis","PROCELLARIIFORMES","Hydrobatidae","Northern storm-petrels","Plastic ingestion data not available/included in published database (Data S2)"
22698235,"Townsend's Shearwater","Townsend's Shearwater","Puffinus_auricularis","Puffinus_auricularis","PROCELLARIIFORMES","Procellariidae","Petrels, shearwaters","Plastic ingestion data not available/included in published database (Data S2)"
22698062,"Zino's Petrel","Zino's Petrel","Pterodroma_madeira","Pterodroma_madeira","PROCELLARIIFORMES","Procellariidae","Petrels, shearwaters","Plastic ingestion data not available/included in published database (Data S2)"
22697789,"Erect-crested Penguin","Erect-crested Penguin","Eudyptes_sclateri","Eudyptes_sclateri","SPHENISCIFORMES","Spheniscidae","Penguins","Plastic ingestion data not available/included in published database (Data S2)"
22697776,"Fiordland Penguin","Fiordland Penguin","Eudyptes_pachyrhynchus","Eudyptes_pachyrhynchus","SPHENISCIFORMES","Spheniscidae","Penguins","Plastic ingestion data not available/included in published database (Data S2)"
22697825,"Galapagos Penguin","Galapagos Penguin","Spheniscus_mendiculus","Spheniscus_mendiculus","SPHENISCIFORMES","Spheniscidae","Penguins","Plastic ingestion data not available/included in published database (Data S2)"
22697797,"Royal Penguin","Royal Penguin","Eudyptes_schlegeli","Eudyptes_schlegeli","SPHENISCIFORMES","Spheniscidae","Penguins","Plastic ingestion data not available/included in published database (Data S2)"
22697782,"Snares Penguin","Snares Penguin","Eudyptes_robustus","Eudyptes_robustus","SPHENISCIFORMES","Spheniscidae","Penguins","Plastic ingestion data not available/included in published database (Data S2)"
22696649,"Abbott's Booby","Abbott's Booby","Papasula_abbotti","Papasula_abbotti","SULIFORMES","Sulidae","Gannets, boobies","Plastic ingestion data not available/included in published database (Data S2)"
22697728,"Ascension Frigatebird","Ascension Frigatebird","Fregata_aquila","Fregata_aquila","SULIFORMES","Fregatidae","Frigatebirds","Plastic ingestion data not available/included in published database (Data S2)"
22696869,"Auckland Shag","Auckland Shag","Phalacrocorax_colensoi","Phalacrocorax_colensoi","SULIFORMES","Phalacrocoracidae","Cormorants","Plastic ingestion data not available/included in published database (Data S2)"
22696770,"Black-faced Cormorant","Black-faced Cormorant","Phalacrocorax_fuscescens","Phalacrocorax_fuscescens","SULIFORMES","Phalacrocoracidae","Cormorants","Plastic ingestion data not available/included in published database (Data S2)"
22696683,"Blue-footed Booby","Blue-footed Booby","Sula_nebouxii","Sula_nebouxii","SULIFORMES","Sulidae","Gannets, boobies","Plastic ingestion data not available/included in published database (Data S2)"
22696876,"Bounty Shag","Bounty Shag","Phalacrocorax_ranfurlyi","Phalacrocorax_ranfurlyi","SULIFORMES","Phalacrocoracidae","Cormorants","Plastic ingestion data not available/included in published database (Data S2)"
22696753,"Brandt's Cormorant","Brandt's Cormorant","Phalacrocorax_penicillatus","Phalacrocorax_penicillatus","SULIFORMES","Phalacrocoracidae","Cormorants","Plastic ingestion data not available/included in published database (Data S2)"
22696840,"Campbell Shag","Campbell Shag","Phalacrocorax_campbelli","Phalacrocorax_campbelli","SULIFORMES","Phalacrocoracidae","Cormorants","Plastic ingestion data not available/included in published database (Data S2)"
22696861,"Chatham Shag","Chatham Shag","Phalacrocorax_onslowi","Phalacrocorax_onslowi","SULIFORMES","Phalacrocoracidae","Cormorants","Plastic ingestion data not available/included in published database (Data S2)"
22697742,"Christmas Frigatebird","Christmas Frigatebird","Fregata_andrewsi","Fregata_andrewsi","SULIFORMES","Fregatidae","Frigatebirds","Plastic ingestion data not available/included in published database (Data S2)"
22696756,"Flightless Cormorant","Flightless Cormorant","Phalacrocorax_harrisi","Phalacrocorax_harrisi","SULIFORMES","Phalacrocoracidae","Cormorants","Plastic ingestion data not available/included in published database (Data S2)"
22696782,"Great Pied Cormorant","Great Pied Cormorant","Phalacrocorax_varius","Phalacrocorax_varius","SULIFORMES","Phalacrocoracidae","Cormorants","Plastic ingestion data not available/included in published database (Data S2)"
22696810,"Guanay Cormorant","Guanay Cormorant","Phalacrocorax_bougainvillii","Phalacrocorax_bougainvilliorum","SULIFORMES","Phalacrocoracidae","Cormorants","Plastic ingestion data not available/included in published database (Data S2)"
22696779,"Indian Cormorant","Indian Cormorant","Phalacrocorax_fuscicollis","Phalacrocorax_fuscicollis","SULIFORMES","Phalacrocoracidae","Cormorants","Plastic ingestion data not available/included in published database (Data S2)"
22696799,"Japanese Cormorant","Japanese Cormorant","Phalacrocorax_capillatus","Phalacrocorax_capillatus","SULIFORMES","Phalacrocoracidae","Cormorants","Plastic ingestion data not available/included in published database (Data S2)"
22696788,"Little Black Cormorant","Little Black Cormorant","Phalacrocorax_sulcirostris","Phalacrocorax_sulcirostris","SULIFORMES","Phalacrocoracidae","Cormorants","Plastic ingestion data not available/included in published database (Data S2)"
22696740,"Little Cormorant","Little Cormorant","Phalacrocorax_niger","Microcarbo_niger","SULIFORMES","Phalacrocoracidae","Cormorants","Plastic ingestion data not available/included in published database (Data S2)"
22696743,"Little Pied Cormorant","Little Pied Cormorant","Phalacrocorax_melanoleucos","Microcarbo_melanoleucos","SULIFORMES","Phalacrocoracidae","Cormorants","Plastic ingestion data not available/included in published database (Data S2)"
22696725,"Long-tailed Cormorant","Long-tailed Cormorant","Phalacrocorax_africanus","Microcarbo_africanus","SULIFORMES","Phalacrocoracidae","Cormorants","Plastic ingestion data not available/included in published database (Data S2)"
22728990,"Nazca Booby","Nazca Booby","Sula_granti","Sula_granti","SULIFORMES","Sulidae","Gannets, boobies","Plastic ingestion data not available/included in published database (Data S2)"
22696773,"Neotropical Cormorant","Neotropical Cormorant","Phalacrocorax_brasilianus","Phalacrocorax_brasilianus","SULIFORMES","Phalacrocoracidae","Cormorants","Plastic ingestion data not available/included in published database (Data S2)"
22696686,"Peruvian Booby","Peruvian Booby","Sula_variegata","Sula_variegata","SULIFORMES","Sulidae","Gannets, boobies","Plastic ingestion data not available/included in published database (Data S2)"
22696907,"Pitt Shag","Pitt Shag","Phalacrocorax_featherstoni","Phalacrocorax_featherstoni","SULIFORMES","Phalacrocoracidae","Cormorants","Plastic ingestion data not available/included in published database (Data S2)"
22696734,"Pygmy Cormorant","Pygmy Cormorant","Phalacrocorax_pygmeus","Microcarbo_pygmaeus","SULIFORMES","Phalacrocoracidae","Cormorants","Plastic ingestion data not available/included in published database (Data S2)"
22696898,"Red-legged Cormorant","Red-legged Cormorant","Phalacrocorax_gaimardi","Phalacrocorax_gaimardi","SULIFORMES","Phalacrocoracidae","Cormorants","Plastic ingestion data not available/included in published database (Data S2)"
22696883,"Rock Shag","Rock Shag","Phalacrocorax_magellanicus","Phalacrocorax_magellanicus","SULIFORMES","Phalacrocoracidae","Cormorants","Plastic ingestion data not available/included in published database (Data S2)"
22696846,"Rough-faced Shag","Rough-faced Shag","Phalacrocorax_carunculatus","Phalacrocorax_carunculatus","SULIFORMES","Phalacrocoracidae","Cormorants","Plastic ingestion data not available/included in published database (Data S2)"
22696802,"Socotra Cormorant","Socotra Cormorant","Phalacrocorax_nigrogularis","Phalacrocorax_nigrogularis","SULIFORMES","Phalacrocoracidae","Cormorants","Plastic ingestion data not available/included in published database (Data S2)"
22696901,"Spotted Shag","Spotted Shag","Phalacrocorax_punctatus","Phalacrocorax_punctatus","SULIFORMES","Phalacrocoracidae","Cormorants","Plastic ingestion data not available/included in published database (Data S2)"
22696853,"Stewart Shag","Stewart Shag","Phalacrocorax_chalconotus","Phalacrocorax_chalconotus","SULIFORMES","Phalacrocoracidae","Cormorants","Plastic ingestion data not available/included in published database (Data S2)"
