"SISRecID_BLVr9","TipLabel_BirdTree","Common.name_BirdTree","TipLabel_BLVr9","Common.name_BLVr9","Order","BLFamilyEnglish","Age.Class","n.records","n.distinct.Source","n.distinct.Site","n.distinct.Age.Class","n.distinct.Date_Text","n.sampled.birds","min.n","max.n","median.n","mean.n","var.n","sd.n","wtd.mean.FO","wtd.var.FO","well.studied","susceptibility"
22680459,"Bucephala_islandica","Barrow's Goldeneye","Bucephala_islandica","Barrow's Goldeneye","ANSERIFORMES","Ducks, geese, swans","Adult",1,1,1,1,1,2,2,2,2,2,NA,NA,0,NA,"No","TBD"
22680405,"Somateria_mollissima","Common Eider","Somateria_mollissima","Common Eider","ANSERIFORMES","Ducks, geese, swans","Adult",4,3,3,1,4,254,20,108,63,63.5,2203.67,46.94,0.004,0,"Yes","not susceptible"
22680405,"Somateria_mollissima","Common Eider","Somateria_mollissima","Common Eider","ANSERIFORMES","Ducks, geese, swans","Subadult",1,1,1,1,1,10,10,10,10,10,NA,NA,0.1,NA,"No","TBD"
22680398,"Aythya_marila","Greater Scaup","Aythya_marila","Greater Scaup","ANSERIFORMES","Ducks, geese, swans","Adult",1,1,1,1,1,1,1,1,1,1,NA,NA,0,NA,"No","TBD"
22680423,"Histrionicus_histrionicus","Harlequin Duck","Histrionicus_histrionicus","Harlequin Duck","ANSERIFORMES","Ducks, geese, swans","Adult",1,1,1,1,1,1,1,1,1,1,NA,NA,0,NA,"No","TBD"
22680409,"Somateria_spectabilis","King Eider","Somateria_spectabilis","King Eider","ANSERIFORMES","Ducks, geese, swans","Adult",2,1,1,1,2,13,3,10,6.5,6.5,24.5,4.95,0,0,"No","TBD"
22680441,"Melanitta_perspicillata","Surf Scoter","Melanitta_perspicillata","Surf Scoter","ANSERIFORMES","Ducks, geese, swans","Adult",2,2,2,1,2,40,2,38,20,20,648,25.46,0,0,"No","TBD"
22694896,"Synthliboramphus_antiquus","Ancient Murrelet","Synthliboramphus_antiquus","Ancient Murrelet","CHARADRIIFORMES","Auks","Subadult/Adult",2,2,2,1,2,73,5,68,36.5,36.5,1984.5,44.55,0,0,"No","TBD"
22694635,"Sterna_vittata","Antarctic Tern","Sterna_vittata","Antarctic Tern","CHARADRIIFORMES","Gulls, terns, skimmers","Adult",1,1,1,1,1,4,4,4,4,4,NA,NA,0,NA,"No","TBD"
22694635,"Sterna_vittata","Antarctic Tern","Sterna_vittata","Antarctic Tern","CHARADRIIFORMES","Gulls, terns, skimmers","Subadult/Adult",2,1,2,1,1,17,5,12,8.5,8.5,24.5,4.95,0,0,"No","TBD"
22694245,"Stercorarius_parasiticus","Arctic Jaeger","Stercorarius_parasiticus","Arctic Jaeger","CHARADRIIFORMES","Skuas","Adult",1,1,1,1,1,2,2,2,2,2,NA,NA,0.5,NA,"No","TBD"
22694245,"Stercorarius_parasiticus","Arctic Jaeger","Stercorarius_parasiticus","Arctic Jaeger","CHARADRIIFORMES","Skuas","Subadult/Adult",1,1,1,1,1,1,1,1,1,1,NA,NA,1,NA,"No","TBD"
22694629,"Sterna_paradisaea","Arctic Tern","Sterna_paradisaea","Arctic Tern","CHARADRIIFORMES","Gulls, terns, skimmers","Subadult/Adult",3,2,3,1,2,45,10,21,14,15,31,5.57,0,0,"No","TBD"
22694927,"Fratercula_arctica","Atlantic Puffin","Fratercula_arctica","Atlantic Puffin","CHARADRIIFORMES","Auks","Adult",4,3,4,1,4,19,1,14,2,4.75,38.25,6.18,0.053,0.053,"No","TBD"
22694927,"Fratercula_arctica","Atlantic Puffin","Fratercula_arctica","Atlantic Puffin","CHARADRIIFORMES","Auks","Nest-bound",1,1,1,1,1,5,5,5,5,5,NA,NA,0.6,NA,"No","TBD"
22694927,"Fratercula_arctica","Atlantic Puffin","Fratercula_arctica","Atlantic Puffin","CHARADRIIFORMES","Auks","Subadult",2,2,2,1,2,15,1,14,7.5,7.5,84.5,9.19,0.132,0.058,"No","TBD"
22694927,"Fratercula_arctica","Atlantic Puffin","Fratercula_arctica","Atlantic Puffin","CHARADRIIFORMES","Auks","Subadult/Adult",2,2,2,1,2,318,3,315,159,159,48672,220.62,0.132,0,"No","TBD"
22694313,"Larus_audouinii","Audouin's Gull","Larus_audouinii","Audouin's Gull","CHARADRIIFORMES","Gulls, terns, skimmers","Adult",1,1,1,1,1,15,15,15,15,15,NA,NA,0.13,NA,"No","TBD"
22694861,"Cepphus_grylle","Black Guillemot","Cepphus_grylle","Black Guillemot","CHARADRIIFORMES","Auks","Adult",2,2,2,1,2,23,3,20,11.5,11.5,144.5,12.02,0,0,"No","TBD"
22694861,"Cepphus_grylle","Black Guillemot","Cepphus_grylle","Black Guillemot","CHARADRIIFORMES","Auks","Subadult/Adult",1,1,1,1,1,1,1,1,1,1,NA,NA,0,NA,"No","TBD"
22694799,"Anous_minutus","Black Noddy","Anous_minutus","Black Noddy","CHARADRIIFORMES","Gulls, terns, skimmers","Nest-bound",1,1,1,1,1,35,35,35,35,35,NA,NA,0.03,NA,"No","TBD"
22694787,"Chlidonias_niger","Black Tern","Chlidonias_niger","Black Tern","CHARADRIIFORMES","Gulls, terns, skimmers","Subadult/Adult",1,1,1,1,1,2,2,2,2,2,NA,NA,0,NA,"No","TBD"
22694420,"Larus_ridibundus","Black-headed Gull","Larus_ridibundus","Black-headed Gull","CHARADRIIFORMES","Gulls, terns, skimmers","Adult",1,1,1,1,1,1,1,1,1,1,NA,NA,1,NA,"No","TBD"
22694420,"Larus_ridibundus","Black-headed Gull","Larus_ridibundus","Black-headed Gull","CHARADRIIFORMES","Gulls, terns, skimmers","Subadult/Adult",1,1,1,1,1,9,9,9,9,9,NA,NA,0.22,NA,"No","TBD"
22694497,"Rissa_tridactyla","Black-legged Kittiwake","Rissa_tridactyla","Black-legged Kittiwake","CHARADRIIFORMES","Gulls, terns, skimmers","Adult",3,3,3,1,3,35,4,20,11,11.67,64.33,8.02,0.114,0.02,"No","TBD"
22694497,"Rissa_tridactyla","Black-legged Kittiwake","Rissa_tridactyla","Black-legged Kittiwake","CHARADRIIFORMES","Gulls, terns, skimmers","Subadult/Adult",3,3,3,1,3,265,4,256,5,88.33,21084.33,145.2,0.083,0.003,"No","TBD"
22694289,"Larus_crassirostris","Black-tailed Gull","Larus_crassirostris","Black-tailed Gull","CHARADRIIFORMES","Gulls, terns, skimmers","Adult",1,1,1,1,1,19,19,19,19,19,NA,NA,1,NA,"No","TBD"
22727746,"Procelsterna_cerulea","Blue Noddy","Procelsterna_cerulea","Blue Noddy","CHARADRIIFORMES","Gulls, terns, skimmers","Subadult/Adult",1,1,1,1,1,3,3,3,3,3,NA,NA,0,NA,"No","TBD"
22694794,"Anous_stolidus","Brown Noddy","Anous_stolidus","Brown Noddy","CHARADRIIFORMES","Gulls, terns, skimmers","Adult",3,2,2,1,3,4,1,2,1,1.33,0.33,0.58,0,0,"No","TBD"
22694794,"Anous_stolidus","Brown Noddy","Anous_stolidus","Brown Noddy","CHARADRIIFORMES","Gulls, terns, skimmers","Nest-bound",2,1,2,1,1,50,15,35,25,25,200,14.14,0,0,"No","TBD"
22694794,"Anous_stolidus","Brown Noddy","Anous_stolidus","Brown Noddy","CHARADRIIFORMES","Gulls, terns, skimmers","Subadult",1,1,1,1,1,1,1,1,1,1,NA,NA,0,NA,"No","TBD"
62289571,"Catharacta_antarctica","Brown Skua","Catharacta_antarctica","Brown Skua","CHARADRIIFORMES","Skuas","Adult",1,1,1,1,1,4,4,4,4,4,NA,NA,0,NA,"No","TBD"
22694903,"Ptychoramphus_aleuticus","Cassin's Auklet","Ptychoramphus_aleuticus","Cassin's Auklet","CHARADRIIFORMES","Auks","Adult",1,1,1,1,1,92,92,92,92,92,NA,NA,0.35,NA,"No","TBD"
22694903,"Ptychoramphus_aleuticus","Cassin's Auklet","Ptychoramphus_aleuticus","Cassin's Auklet","CHARADRIIFORMES","Auks","Subadult",2,1,1,1,1,77,38,39,38.5,38.5,0.5,0.71,0.505,0.001,"No","TBD"
22694903,"Ptychoramphus_aleuticus","Cassin's Auklet","Ptychoramphus_aleuticus","Cassin's Auklet","CHARADRIIFORMES","Auks","Subadult/Adult",1,1,1,1,1,35,35,35,35,35,NA,NA,0.114,NA,"No","TBD"
22694841,"Uria_aalge","Common Murre","Uria_aalge","Common Murre","CHARADRIIFORMES","Auks","Adult",6,3,4,1,4,126,3,60,14,21,410.8,20.27,0.017,0.001,"Yes","not susceptible"
22694841,"Uria_aalge","Common Murre","Uria_aalge","Common Murre","CHARADRIIFORMES","Auks","Subadult",1,1,1,1,1,10,10,10,10,10,NA,NA,0.1,NA,"No","TBD"
22694841,"Uria_aalge","Common Murre","Uria_aalge","Common Murre","CHARADRIIFORMES","Auks","Subadult/Adult",3,3,3,1,3,160,1,134,25,53.33,5024.33,70.88,0.025,0.002,"No","TBD"
22694623,"Sterna_hirundo","Common Tern","Sterna_hirundo","Common Tern","CHARADRIIFORMES","Gulls, terns, skimmers","Adult",3,1,1,1,3,16,3,8,5,5.33,6.33,2.52,0.062,0.009,"No","TBD"
22694623,"Sterna_hirundo","Common Tern","Sterna_hirundo","Common Tern","CHARADRIIFORMES","Gulls, terns, skimmers","Subadult",2,1,1,1,2,4,1,3,2,2,2,1.41,0,0,"No","TBD"
22694821,"Gygis_alba","Common White Tern","Gygis_alba","Common White Tern","CHARADRIIFORMES","Gulls, terns, skimmers","Adult",1,1,1,1,1,1,1,1,1,1,NA,NA,0,NA,"No","TBD"
22694821,"Gygis_alba","Common White Tern","Gygis_alba","Common White Tern","CHARADRIIFORMES","Gulls, terns, skimmers","Nest-bound",1,1,1,1,1,35,35,35,35,35,NA,NA,0,NA,"No","TBD"
22694821,"Gygis_alba","Common White Tern","Gygis_alba","Common White Tern","CHARADRIIFORMES","Gulls, terns, skimmers","Subadult/Adult",2,2,2,1,2,10,2,8,5,5,18,4.24,0.1,0.003,"No","TBD"
22694915,"Aethia_cristatella","Crested Auklet","Aethia_cristatella","Crested Auklet","CHARADRIIFORMES","Auks","Adult",28,1,3,1,14,1111,1,103,35.5,39.68,549.19,23.43,0,0,"Yes","not susceptible"
22694915,"Aethia_cristatella","Crested Auklet","Aethia_cristatella","Crested Auklet","CHARADRIIFORMES","Auks","Subadult/Adult",1,1,1,1,1,40,40,40,40,40,NA,NA,0.025,NA,"No","TBD"
62030608,"Larus_argentatus","European Herring Gull","Larus_argentatus","European Herring Gull","CHARADRIIFORMES","Gulls, terns, skimmers","Adult",1,1,1,1,1,27,27,27,27,27,NA,NA,0.592,NA,"No","TBD"
62030608,"Larus_argentatus","European Herring Gull","Larus_argentatus","European Herring Gull","CHARADRIIFORMES","Gulls, terns, skimmers","Subadult",1,1,1,1,1,4,4,4,4,4,NA,NA,0.75,NA,"No","TBD"
62030608,"Larus_argentatus","European Herring Gull","Larus_argentatus","European Herring Gull","CHARADRIIFORMES","Gulls, terns, skimmers","Subadult/Adult",1,1,1,1,1,13,13,13,13,13,NA,NA,0.32,NA,"No","TBD"
22694691,"Sterna_nereis","Fairy Tern","Sternula_nereis","Fairy Tern","CHARADRIIFORMES","Gulls, terns, skimmers","Subadult",1,1,1,1,1,1,1,1,1,1,NA,NA,0,NA,"No","TBD"
22694343,"Larus_hyperboreus","Glaucous Gull","Larus_hyperboreus","Glaucous Gull","CHARADRIIFORMES","Gulls, terns, skimmers","Adult",1,1,1,1,1,18,18,18,18,18,NA,NA,0,NA,"No","TBD"
22694334,"Larus_glaucescens","Glaucous-winged Gull","Larus_glaucescens","Glaucous-winged Gull","CHARADRIIFORMES","Gulls, terns, skimmers","Subadult/Adult",1,1,1,1,1,21,21,21,21,21,NA,NA,0,NA,"No","TBD"
22694324,"Larus_marinus","Great Black-backed Gull","Larus_marinus","Great Black-backed Gull","CHARADRIIFORMES","Gulls, terns, skimmers","Adult",1,1,1,1,1,7,7,7,7,7,NA,NA,0.573,NA,"No","TBD"
22694324,"Larus_marinus","Great Black-backed Gull","Larus_marinus","Great Black-backed Gull","CHARADRIIFORMES","Gulls, terns, skimmers","Subadult",1,1,1,1,1,1,1,1,1,1,NA,NA,1,NA,"No","TBD"
22694324,"Larus_marinus","Great Black-backed Gull","Larus_marinus","Great Black-backed Gull","CHARADRIIFORMES","Gulls, terns, skimmers","Subadult/Adult",1,1,1,1,1,4,4,4,4,4,NA,NA,0.25,NA,"No","TBD"
22694160,"Catharacta_skua","Great Skua","Catharacta_skua","Great Skua","CHARADRIIFORMES","Skuas","Adult",2,2,2,1,2,167,2,165,83.5,83.5,13284.5,115.26,0.065,0.002,"No","TBD"
22694571,"Sterna_bergii","Greater Crested Tern","Thalasseus_bergii","Great Crested Tern","CHARADRIIFORMES","Gulls, terns, skimmers","Adult",1,1,1,1,1,1,1,1,1,1,NA,NA,0,NA,"No","TBD"
22694571,"Sterna_bergii","Greater Crested Tern","Thalasseus_bergii","Great Crested Tern","CHARADRIIFORMES","Gulls, terns, skimmers","Subadult",1,1,1,1,1,2,2,2,2,2,NA,NA,0,NA,"No","TBD"
22694722,"Sterna_lunata","Grey-backed Tern","Onychoprion_lunatus","Grey-backed Tern","CHARADRIIFORMES","Gulls, terns, skimmers","Adult",2,2,2,1,2,15,5,10,7.5,7.5,12.5,3.54,0,0,"No","TBD"
22694722,"Sterna_lunata","Grey-backed Tern","Onychoprion_lunatus","Grey-backed Tern","CHARADRIIFORMES","Gulls, terns, skimmers","Nest-bound",1,1,1,1,1,25,25,25,25,25,NA,NA,0,NA,"No","TBD"
22694722,"Sterna_lunata","Grey-backed Tern","Onychoprion_lunatus","Grey-backed Tern","CHARADRIIFORMES","Gulls, terns, skimmers","Subadult/Adult",1,1,1,1,1,5,5,5,5,5,NA,NA,0,NA,"No","TBD"
62101215,"Synthliboramphus_hypoleucus","Guadalupe Murrelet","Synthliboramphus_hypoleucus","Guadalupe Murrelet","CHARADRIIFORMES","Auks","Subadult/Adult",1,1,1,1,1,6,6,6,6,6,NA,NA,0,NA,"No","TBD"
22694931,"Fratercula_corniculata","Horned Puffin","Fratercula_corniculata","Horned Puffin","CHARADRIIFORMES","Auks","Subadult/Adult",3,3,2,1,3,148,28,120,74,74,4232,65.05,0.405,0.006,"No","TBD"
22694346,"Larus_glaucoides","Iceland Gull","Larus_glaucoides","Iceland Gull","CHARADRIIFORMES","Gulls, terns, skimmers","Subadult",1,1,1,1,1,2,2,2,2,2,NA,NA,1,NA,"No","TBD"
22694346,"Larus_glaucoides","Iceland Gull","Larus_glaucoides","Iceland Gull","CHARADRIIFORMES","Gulls, terns, skimmers","Subadult/Adult",1,1,1,1,1,1,1,1,1,1,NA,NA,0,NA,"No","TBD"
22694329,"Larus_dominicanus","Kelp Gull","Larus_dominicanus","Kelp Gull","CHARADRIIFORMES","Gulls, terns, skimmers","Adult",2,1,1,1,2,10,4,6,5,5,2,1.41,0,0,"No","TBD"
22694329,"Larus_dominicanus","Kelp Gull","Larus_dominicanus","Kelp Gull","CHARADRIIFORMES","Gulls, terns, skimmers","Subadult",3,1,1,1,3,9,2,5,2,3,3,1.73,0,0,"No","TBD"
22694329,"Larus_dominicanus","Kelp Gull","Larus_dominicanus","Kelp Gull","CHARADRIIFORMES","Gulls, terns, skimmers","Subadult/Adult",1,1,1,1,1,15,15,15,15,15,NA,NA,0,NA,"No","TBD"
22694875,"Brachyramphus_brevirostris","Kittlitz's Murrelet","Brachyramphus_brevirostris","Kittlitz's Murrelet","CHARADRIIFORMES","Auks","Subadult/Adult",1,1,1,1,1,17,17,17,17,17,NA,NA,0,NA,"No","TBD"
22694373,"Larus_fuscus","Lesser Black-backed Gull","Larus_fuscus","Lesser Black-backed Gull","CHARADRIIFORMES","Gulls, terns, skimmers","Adult",2,1,1,1,2,29,8,21,14.5,14.5,84.5,9.19,0.103,0.004,"No","TBD"
22694373,"Larus_fuscus","Lesser Black-backed Gull","Larus_fuscus","Lesser Black-backed Gull","CHARADRIIFORMES","Gulls, terns, skimmers","Subadult",3,1,1,1,3,16,1,9,6,5.33,16.33,4.04,0.375,0.017,"No","TBD"
22694373,"Larus_fuscus","Lesser Black-backed Gull","Larus_fuscus","Lesser Black-backed Gull","CHARADRIIFORMES","Gulls, terns, skimmers","Subadult/Adult",1,1,1,1,1,2,2,2,2,2,NA,NA,1,NA,"No","TBD"
22694805,"Anous_tenuirostris","Lesser Noddy","Anous_tenuirostris","Lesser Noddy","CHARADRIIFORMES","Gulls, terns, skimmers","Subadult/Adult",1,1,1,1,1,3,3,3,3,3,NA,NA,0,NA,"No","TBD"
22694837,"Alle_alle","Little Auk","Alle_alle","Little Auk","CHARADRIIFORMES","Auks","Adult",5,4,4,1,2,291,11,171,26,58.2,4412.7,66.43,0.378,0.075,"Yes","Yes"
22694656,"Sterna_albifrons","Little Tern","Sternula_albifrons","Little Tern","CHARADRIIFORMES","Gulls, terns, skimmers","Adult",4,1,2,1,2,4,1,1,1,1,0,0,0,0,"No","TBD"
22694251,"Stercorarius_longicaudus","Long-tailed Jaeger","Stercorarius_longicaudus","Long-tailed Jaeger","CHARADRIIFORMES","Skuas","Subadult/Adult",2,2,2,1,2,4,2,2,2,2,0,0,0.25,0.083,"No","TBD"
22694870,"Brachyramphus_marmoratus","Marbled Murrelet","Brachyramphus_marmoratus","Marbled Murrelet","CHARADRIIFORMES","Auks","Subadult/Adult",1,1,1,1,1,96,96,96,96,96,NA,NA,0,NA,"No","TBD"
22694443,"Larus_melanocephalus","Mediterranean Gull","Larus_melanocephalus","Mediterranean Gull","CHARADRIIFORMES","Gulls, terns, skimmers","Adult",1,1,1,1,1,4,4,4,4,4,NA,NA,0.23,NA,"No","TBD"
22694308,"Larus_canus","Mew Gull","Larus_canus","Mew Gull","CHARADRIIFORMES","Gulls, terns, skimmers","Subadult/Adult",1,1,1,1,1,4,4,4,4,4,NA,NA,0.25,NA,"No","TBD"
22694906,"Aethia_psittacula","Parakeet Auklet","Aethia_psittacula","Parakeet Auklet","CHARADRIIFORMES","Auks","Adult",12,1,1,1,12,140,1,29,7,11.67,115.33,10.74,0,0,"Yes","not susceptible"
22694906,"Aethia_psittacula","Parakeet Auklet","Aethia_psittacula","Parakeet Auklet","CHARADRIIFORMES","Auks","Subadult/Adult",2,2,2,1,2,211,3,208,105.5,105.5,21012.5,144.96,0.929,0.005,"No","TBD"
22694864,"Cepphus_columba","Pigeon Guillemot","Cepphus_columba","Pigeon Guillemot","CHARADRIIFORMES","Auks","Adult",1,1,1,1,1,1,1,1,1,1,NA,NA,0,NA,"No","TBD"
22694864,"Cepphus_columba","Pigeon Guillemot","Cepphus_columba","Pigeon Guillemot","CHARADRIIFORMES","Auks","Subadult/Adult",1,1,1,1,1,43,43,43,43,43,NA,NA,0.026,NA,"No","TBD"
22694240,"Stercorarius_pomarinus","Pomarine Jaeger","Stercorarius_pomarinus","Pomarine Jaeger","CHARADRIIFORMES","Skuas","Adult",1,1,1,1,1,1,1,1,1,1,NA,NA,0,NA,"No","TBD"
22694240,"Stercorarius_pomarinus","Pomarine Jaeger","Stercorarius_pomarinus","Pomarine Jaeger","CHARADRIIFORMES","Skuas","Subadult/Adult",2,2,2,1,2,3,1,2,1.5,1.5,0.5,0.71,0,0,"No","TBD"
22694852,"Alca_torda","Razorbill","Alca_torda","Razorbill","CHARADRIIFORMES","Auks","Adult",2,2,2,1,2,3,1,2,1.5,1.5,0.5,0.71,0,0,"No","TBD"
22694852,"Alca_torda","Razorbill","Alca_torda","Razorbill","CHARADRIIFORMES","Auks","Subadult/Adult",1,1,1,1,1,15,15,15,15,15,NA,NA,0,NA,"No","TBD"
22693494,"Phalaropus_fulicarius","Red Phalarope","Phalaropus_fulicarius","Red Phalarope","CHARADRIIFORMES","Sandpipers, snipes, phalaropes","Subadult/Adult",1,1,1,1,1,1,1,1,1,1,NA,NA,1,NA,"No","TBD"
22694502,"Rissa_brevirostris","Red-legged Kittiwake","Rissa_brevirostris","Red-legged Kittiwake","CHARADRIIFORMES","Gulls, terns, skimmers","Subadult/Adult",1,1,1,1,1,15,15,15,15,15,NA,NA,0.267,NA,"No","TBD"
22694924,"Cerorhinca_monocerata","Rhinoceros Auklet","Cerorhinca_monocerata","Rhinoceros Auklet","CHARADRIIFORMES","Auks","Adult",1,1,1,1,1,22,22,22,22,22,NA,NA,0,NA,"No","TBD"
22694924,"Cerorhinca_monocerata","Rhinoceros Auklet","Cerorhinca_monocerata","Rhinoceros Auklet","CHARADRIIFORMES","Auks","Subadult",1,1,1,1,1,10,10,10,10,10,NA,NA,0,NA,"No","TBD"
22694924,"Cerorhinca_monocerata","Rhinoceros Auklet","Cerorhinca_monocerata","Rhinoceros Auklet","CHARADRIIFORMES","Auks","Subadult/Adult",3,3,2,1,3,15,1,9,5,5,16,4,0.264,0.05,"No","TBD"
22694601,"Sterna_dougallii","Roseate Tern","Sterna_dougallii","Roseate Tern","CHARADRIIFORMES","Gulls, terns, skimmers","Adult",1,1,1,1,1,1,1,1,1,1,NA,NA,0,NA,"No","TBD"
22694542,"Sterna_maxima","Royal Tern","Thalasseus_maximus","Royal Tern","CHARADRIIFORMES","Gulls, terns, skimmers","Adult",2,1,1,1,2,4,1,3,2,2,2,1.41,0,0,"No","TBD"
22694479,"Xema_sabini","Sabine's Gull","Xema_sabini","Sabine's Gull","CHARADRIIFORMES","Gulls, terns, skimmers","Subadult/Adult",1,1,1,1,1,1,1,1,1,1,NA,NA,0,NA,"No","TBD"
22694591,"Sterna_sandvicensis","Sandwich Tern","Thalasseus_sandvicensis","Sandwich Tern","CHARADRIIFORMES","Gulls, terns, skimmers","Adult",8,1,1,1,2,76,8,11,9.5,9.5,2.57,1.6,0,0,"No","TBD"
22694591,"Sterna_sandvicensis","Sandwich Tern","Thalasseus_sandvicensis","Sandwich Tern","CHARADRIIFORMES","Gulls, terns, skimmers","Subadult",4,1,1,1,1,40,10,10,10,10,0,0,0,0,"No","TBD"
62021891,"Larus_novaehollandiae","Silver Gull","Larus_novaehollandiae","Silver Gull","CHARADRIIFORMES","Gulls, terns, skimmers","Adult",1,1,1,1,1,12,12,12,12,12,NA,NA,0.083,NA,"No","TBD"
22694362,"Larus_schistisagus","Slaty-backed Gull","Larus_schistisagus","Slaty-backed Gull","CHARADRIIFORMES","Gulls, terns, skimmers","Subadult/Adult",1,1,1,1,1,1,1,1,1,1,NA,NA,0,NA,"No","TBD"
22694740,"Sterna_fuscata","Sooty Tern","Onychoprion_fuscatus","Sooty Tern","CHARADRIIFORMES","Gulls, terns, skimmers","Adult",3,3,3,1,3,48,1,35,12,16,301,17.35,0,0,"No","TBD"
22694740,"Sterna_fuscata","Sooty Tern","Onychoprion_fuscatus","Sooty Tern","CHARADRIIFORMES","Gulls, terns, skimmers","Nest-bound",1,1,1,1,1,35,35,35,35,35,NA,NA,0.03,NA,"No","TBD"
22694740,"Sterna_fuscata","Sooty Tern","Onychoprion_fuscatus","Sooty Tern","CHARADRIIFORMES","Gulls, terns, skimmers","Subadult",1,1,1,1,1,15,15,15,15,15,NA,NA,0,NA,"No","TBD"
22694740,"Sterna_fuscata","Sooty Tern","Onychoprion_fuscatus","Sooty Tern","CHARADRIIFORMES","Gulls, terns, skimmers","Subadult/Adult",1,1,1,1,1,64,64,64,64,64,NA,NA,0.016,NA,"No","TBD"
22694618,"Sterna_hirundinacea","South American Tern","Sterna_hirundinacea","South American Tern","CHARADRIIFORMES","Gulls, terns, skimmers","Adult",1,1,1,1,1,2,2,2,2,2,NA,NA,0,NA,"No","TBD"
22694218,"Catharacta_maccormicki","South Polar Skua","Catharacta_maccormicki","South Polar Skua","CHARADRIIFORMES","Skuas","Subadult/Adult",2,2,2,1,2,27,2,25,13.5,13.5,264.5,16.26,0.037,0.018,"No","TBD"
22694847,"Uria_lomvia","Thick-billed Murre","Uria_lomvia","Thick-billed Murre","CHARADRIIFORMES","Auks","Adult",11,5,8,1,9,1860,4,1249,16,169.09,137839.89,371.27,0.077,0.001,"Yes","not susceptible"
22694847,"Uria_lomvia","Thick-billed Murre","Uria_lomvia","Thick-billed Murre","CHARADRIIFORMES","Auks","Subadult/Adult",2,2,2,1,2,93,1,92,46.5,46.5,4140.5,64.35,0.011,0.011,"No","TBD"
22694934,"Fratercula_cirrhata","Tufted Puffin","Fratercula_cirrhata","Tufted Puffin","CHARADRIIFORMES","Auks","Adult",1,1,1,1,1,1,1,1,1,1,NA,NA,0,NA,"No","TBD"
22694934,"Fratercula_cirrhata","Tufted Puffin","Fratercula_cirrhata","Tufted Puffin","CHARADRIIFORMES","Auks","Subadult/Adult",3,3,2,1,3,497,8,489,248.5,248.5,115680.5,340.12,0.255,0.006,"No","TBD"
22694918,"Aethia_pygmaea","Whiskered Auklet","Aethia_pygmaea","Whiskered Auklet","CHARADRIIFORMES","Auks","Adult",14,1,1,1,14,489,16,71,32.5,34.93,161.3,12.7,0.002,0,"Yes","not susceptible"
22694918,"Aethia_pygmaea","Whiskered Auklet","Aethia_pygmaea","Whiskered Auklet","CHARADRIIFORMES","Auks","Subadult/Adult",1,1,1,1,1,22,22,22,22,22,NA,NA,0,NA,"No","TBD"
62030970,"Larus_michahellis","Yellow-legged Gull","Larus_michahellis","Yellow-legged Gull","CHARADRIIFORMES","Gulls, terns, skimmers","Adult",4,2,2,1,4,48,3,25,10,12,88.67,9.42,0.208,0.026,"No","TBD"
62030970,"Larus_michahellis","Yellow-legged Gull","Larus_michahellis","Yellow-legged Gull","CHARADRIIFORMES","Gulls, terns, skimmers","Subadult",3,1,1,1,3,21,1,10,10,7,27,5.2,0.143,0.004,"No","TBD"
22697842,"Gavia_immer","Common Loon","Gavia_immer","Common Loon","GAVIIFORMES","Loons/divers","Adult",1,1,1,1,1,2,2,2,2,2,NA,NA,0,NA,"No","TBD"
22697839,"Gavia_pacifica","Pacific Loon","Gavia_pacifica","Pacific Loon","GAVIIFORMES","Loons/divers","Adult",1,1,1,1,1,2,2,2,2,2,NA,NA,0,NA,"No","TBD"
22697829,"Gavia_stellata","Red-throated Loon","Gavia_stellata","Red-throated Loon","GAVIIFORMES","Loons/divers","Adult",1,1,1,1,1,2,2,2,2,2,NA,NA,0,NA,"No","TBD"
22697608,"Pelecanus_conspicillatus","Australian Pelican","Pelecanus_conspicillatus","Australian Pelican","PELECANIFORMES","Pelicans","Adult",2,1,2,1,1,12,2,10,6,6,32,5.66,0.167,0.006,"No","TBD"
22697608,"Pelecanus_conspicillatus","Australian Pelican","Pelecanus_conspicillatus","Australian Pelican","PELECANIFORMES","Pelicans","Subadult",1,1,1,1,1,5,5,5,5,5,NA,NA,0.4,NA,"No","TBD"
22696641,"Phaethon_rubricauda","Red-tailed Tropicbird","Phaethon_rubricauda","Red-tailed Tropicbird","PHAETHONTIFORMES","Tropicbirds","Adult",2,2,2,1,2,42,3,39,21,21,648,25.46,0.046,0,"No","TBD"
22696641,"Phaethon_rubricauda","Red-tailed Tropicbird","Phaethon_rubricauda","Red-tailed Tropicbird","PHAETHONTIFORMES","Tropicbirds","Nest-bound",3,1,3,1,1,148,48,50,50,49.33,1.33,1.15,0.067,0.003,"No","TBD"
22696641,"Phaethon_rubricauda","Red-tailed Tropicbird","Phaethon_rubricauda","Red-tailed Tropicbird","PHAETHONTIFORMES","Tropicbirds","Subadult/Adult",3,3,3,1,3,9,1,6,2,3,7,2.65,0,0,"No","TBD"
22696645,"Phaethon_lepturus","White-tailed Tropicbird","Phaethon_lepturus","White-tailed Tropicbird","PHAETHONTIFORMES","Tropicbirds","Adult",1,1,1,1,1,2,2,2,2,2,NA,NA,0,NA,"No","TBD"
22696645,"Phaethon_lepturus","White-tailed Tropicbird","Phaethon_lepturus","White-tailed Tropicbird","PHAETHONTIFORMES","Tropicbirds","Subadult",1,1,1,1,1,3,3,3,3,3,NA,NA,0.333,NA,"No","TBD"
22696645,"Phaethon_lepturus","White-tailed Tropicbird","Phaethon_lepturus","White-tailed Tropicbird","PHAETHONTIFORMES","Tropicbirds","Subadult/Adult",1,1,1,1,1,1,1,1,1,1,NA,NA,0,NA,"No","TBD"
22697875,"Thalassoica_antarctica","Antarctic Petrel","Thalassoica_antarctica","Antarctic Petrel","PROCELLARIIFORMES","Petrels, shearwaters","Adult",1,1,1,1,1,11,11,11,11,11,NA,NA,0,NA,"No","TBD"
22697875,"Thalassoica_antarctica","Antarctic Petrel","Thalassoica_antarctica","Antarctic Petrel","PROCELLARIIFORMES","Petrels, shearwaters","Subadult/Adult",4,1,4,1,1,184,25,66,46.5,46,308.67,17.57,0.004,0,"Yes","not susceptible"
22698114,"Pachyptila_desolata","Antarctic Prion","Pachyptila_desolata","Antarctic Prion","PROCELLARIIFORMES","Petrels, shearwaters","Adult",10,3,7,1,6,12,1,2,1,1.2,0.18,0.42,0.75,0.205,"No","TBD"
22698114,"Pachyptila_desolata","Antarctic Prion","Pachyptila_desolata","Antarctic Prion","PROCELLARIIFORMES","Petrels, shearwaters","Subadult",6,2,5,1,3,9,1,3,1,1.5,0.7,0.84,0.889,0.028,"No","TBD"
22698114,"Pachyptila_desolata","Antarctic Prion","Pachyptila_desolata","Antarctic Prion","PROCELLARIIFORMES","Petrels, shearwaters","Subadult/Adult",1,1,1,1,1,35,35,35,35,35,NA,NA,0.143,NA,"No","TBD"
22728318,"Diomedea_antipodensis","Antipodean Albatross","Diomedea_antipodensis","Antipodean Albatross","PROCELLARIIFORMES","Albatrosses","Adult",4,2,4,1,3,5,1,2,1,1.25,0.25,0.5,0.2,0.075,"No","TBD"
22698084,"Pterodroma_incerta","Atlantic Petrel","Pterodroma_incerta","Atlantic Petrel","PROCELLARIIFORMES","Petrels, shearwaters","Subadult/Adult",1,1,1,1,1,4,4,4,4,4,NA,NA,0,NA,"No","TBD"
22698425,"Thalassarche_chlororhynchos","Atlantic Yellow-nosed Albatross","Thalassarche_chlororhynchos","Atlantic Yellow-nosed Albatross","PROCELLARIIFORMES","Albatrosses","Adult",2,2,2,1,2,12,3,9,6,6,18,4.24,0.333,0.04,"No","TBD"
22698425,"Thalassarche_chlororhynchos","Atlantic Yellow-nosed Albatross","Thalassarche_chlororhynchos","Atlantic Yellow-nosed Albatross","PROCELLARIIFORMES","Albatrosses","Subadult",1,1,1,1,1,3,3,3,3,3,NA,NA,0.67,NA,"No","TBD"
22698425,"Thalassarche_chlororhynchos","Atlantic Yellow-nosed Albatross","Thalassarche_chlororhynchos","Atlantic Yellow-nosed Albatross","PROCELLARIIFORMES","Albatrosses","Subadult/Adult",6,6,5,1,6,92,1,27,15.5,15.33,107.47,10.37,0.074,0.002,"No","TBD"
22728432,"Puffinus_mauretanicus","Balearic Shearwater","Puffinus_mauretanicus","Balearic Shearwater","PROCELLARIIFORMES","Petrels, shearwaters","Adult",1,1,1,1,1,46,46,46,46,46,NA,NA,0.7,NA,"No","TBD"
22735803,"Oceanodroma_castro","Band-rumped Storm-petrel","Hydrobates_castro","Band-rumped Storm-petrel","PROCELLARIIFORMES","Northern storm-petrels","Subadult/Adult",2,2,2,1,2,14,7,7,7,7,0,0,0,0,"No","TBD"
22698150,"Procellaria_parkinsoni","Black Petrel","Procellaria_parkinsoni","Black Petrel","PROCELLARIIFORMES","Petrels, shearwaters","Adult",4,2,2,1,3,8,1,4,1.5,2,2,1.41,0.125,0.125,"No","TBD"
22698557,"Oceanodroma_melania","Black Storm-petrel","Hydrobates_melania","Black Storm-petrel","PROCELLARIIFORMES","Northern storm-petrels","Subadult/Adult",1,1,1,1,1,2,2,2,2,2,NA,NA,0,NA,"No","TBD"
22698459,"Fregetta_tropica","Black-bellied Storm-petrel","Fregetta_tropica","Black-bellied Storm-petrel","PROCELLARIIFORMES","Southern storm-petrels","Adult",1,1,1,1,1,1,1,1,1,1,NA,NA,0,NA,"No","TBD"
22698459,"Fregetta_tropica","Black-bellied Storm-petrel","Fregetta_tropica","Black-bellied Storm-petrel","PROCELLARIIFORMES","Southern storm-petrels","Subadult/Adult",1,1,1,1,1,6,6,6,6,6,NA,NA,0,NA,"No","TBD"
22698375,"Thalassarche_melanophrys","Black-browed Albatross","Thalassarche_melanophris","Black-browed Albatross","PROCELLARIIFORMES","Albatrosses","Adult",5,4,5,1,5,32,1,26,2,6.4,120.3,10.97,0.656,0.068,"No","TBD"
22698375,"Thalassarche_melanophrys","Black-browed Albatross","Thalassarche_melanophris","Black-browed Albatross","PROCELLARIIFORMES","Albatrosses","Subadult",6,2,5,1,4,10,1,5,1,1.67,2.67,1.63,0.5,0.189,"No","TBD"
22698375,"Thalassarche_melanophrys","Black-browed Albatross","Thalassarche_melanophris","Black-browed Albatross","PROCELLARIIFORMES","Albatrosses","Subadult/Adult",6,6,5,1,6,359,31,157,40,59.83,2376.97,48.75,0.065,0.005,"Yes","not susceptible"
22698350,"Phoebastria_nigripes","Black-footed Albatross","Phoebastria_nigripes","Black-footed Albatross","PROCELLARIIFORMES","Albatrosses","Adult",4,4,2,1,4,142,3,110,29,47.33,3114.33,55.81,0.475,0.007,"Yes","Yes"
22698350,"Phoebastria_nigripes","Black-footed Albatross","Phoebastria_nigripes","Black-footed Albatross","PROCELLARIIFORMES","Albatrosses","Nest-bound",6,3,6,1,3,129,1,36,28,21.5,283.1,16.83,0.917,0.002,"Yes","susceptible"
22697954,"Pterodroma_nigripennis","Black-winged Petrel","Pterodroma_nigripennis","Black-winged Petrel","PROCELLARIIFORMES","Petrels, shearwaters","Adult",1,1,1,1,1,1,1,1,1,1,NA,NA,0,NA,"No","TBD"
22697954,"Pterodroma_nigripennis","Black-winged Petrel","Pterodroma_nigripennis","Black-winged Petrel","PROCELLARIIFORMES","Petrels, shearwaters","Subadult/Adult",2,2,2,1,2,103,37,66,51.5,51.5,420.5,20.51,0.039,0,"No","TBD"
22698102,"Halobaena_caerulea","Blue Petrel","Halobaena_caerulea","Blue Petrel","PROCELLARIIFORMES","Petrels, shearwaters","Subadult/Adult",3,2,3,1,2,89,17,45,27,29.67,201.33,14.19,0.694,0.068,"No","TBD"
22697967,"Pterodroma_hypoleuca","Bonin Petrel","Pterodroma_hypoleuca","Bonin Petrel","PROCELLARIIFORMES","Petrels, shearwaters","Nest-bound",1,1,1,1,1,8,8,8,8,8,NA,NA,0.75,NA,"No","TBD"
22698106,"Pachyptila_vittata","Broad-billed Prion","Pachyptila_vittata","Broad-billed Prion","PROCELLARIIFORMES","Petrels, shearwaters","Adult",6,3,6,1,5,10,1,3,1.5,1.67,0.67,0.82,0.301,0.105,"No","TBD"
22698106,"Pachyptila_vittata","Broad-billed Prion","Pachyptila_vittata","Broad-billed Prion","PROCELLARIIFORMES","Petrels, shearwaters","Subadult",1,1,1,1,1,7,7,7,7,7,NA,NA,0.286,NA,"No","TBD"
22698106,"Pachyptila_vittata","Broad-billed Prion","Pachyptila_vittata","Broad-billed Prion","PROCELLARIIFORMES","Petrels, shearwaters","Subadult/Adult",4,2,4,1,2,379,3,310,33,94.75,21008.25,144.94,0.153,0.004,"Yes","Yes"
22728328,"Thalassarche_bulleri","Buller's Albatross","Thalassarche_bulleri","Buller's Albatross","PROCELLARIIFORMES","Albatrosses","Adult",25,4,16,1,6,305,1,188,2,12.2,1383.5,37.2,0.022,0.005,"Yes","not susceptible"
22728328,"Thalassarche_bulleri","Buller's Albatross","Thalassarche_bulleri","Buller's Albatross","PROCELLARIIFORMES","Albatrosses","Subadult",1,1,1,1,1,1,1,1,1,1,NA,NA,0,NA,"No","TBD"
22698182,"Puffinus_bulleri","Buller's Shearwater","Ardenna_bulleri","Buller's Shearwater","PROCELLARIIFORMES","Petrels, shearwaters","Subadult/Adult",3,3,3,1,3,122,1,118,3,40.67,4486.33,66.98,0.961,0,"No","TBD"
22698132,"Bulweria_bulwerii","Bulwer's Petrel","Bulweria_bulwerii","Bulwer's Petrel","PROCELLARIIFORMES","Petrels, shearwaters","Adult",1,1,1,1,1,38,38,38,38,38,NA,NA,0.05,NA,"No","TBD"
22698132,"Bulweria_bulwerii","Bulwer's Petrel","Bulweria_bulwerii","Bulwer's Petrel","PROCELLARIIFORMES","Petrels, shearwaters","Subadult/Adult",2,2,2,1,2,58,19,39,29,29,200,14.14,0,0,"No","TBD"
22728349,"Thalassarche_impavida","Campbell Albatross","Thalassarche_impavida","Campbell Albatross","PROCELLARIIFORMES","Albatrosses","Adult",4,1,4,1,2,4,1,1,1,1,0,0,0,0,"No","TBD"
22697879,"Daption_capense","Cape Petrel","Daption_capense","Cape Petrel","PROCELLARIIFORMES","Petrels, shearwaters","Adult",13,7,13,1,12,250,1,90,4,19.23,764.86,27.66,0.163,0.031,"Yes","Yes"
22697879,"Daption_capense","Cape Petrel","Daption_capense","Cape Petrel","PROCELLARIIFORMES","Petrels, shearwaters","Subadult",2,1,2,1,2,2,1,1,1,1,0,0,0.5,0.5,"No","TBD"
22697879,"Daption_capense","Cape Petrel","Daption_capense","Cape Petrel","PROCELLARIIFORMES","Petrels, shearwaters","Subadult/Adult",7,4,7,1,4,168,1,63,16,24,543,23.3,0.154,0.037,"Yes","Yes"
22729421,"Calonectris_edwardsii","Cape Verde Shearwater","Calonectris_edwardsii","Cape Verde Shearwater","PROCELLARIIFORMES","Petrels, shearwaters","Subadult/Adult",1,1,1,1,1,3,3,3,3,3,NA,NA,0.33,NA,"No","TBD"
22698393,"Thalassarche_eremita","Chatham Albatross","Thalassarche_eremita","Chatham Albatross","PROCELLARIIFORMES","Albatrosses","Adult",1,1,1,1,1,1,1,1,1,1,NA,NA,0,NA,"No","TBD"
22698222,"Puffinus_nativitatis","Christmas Shearwater","Puffinus_nativitatis","Christmas Shearwater","PROCELLARIIFORMES","Petrels, shearwaters","Adult",3,2,3,1,2,41,2,36,3,13.67,374.33,19.35,0.198,0.007,"No","TBD"
22698222,"Puffinus_nativitatis","Christmas Shearwater","Puffinus_nativitatis","Christmas Shearwater","PROCELLARIIFORMES","Petrels, shearwaters","Subadult/Adult",1,1,1,1,1,5,5,5,5,5,NA,NA,0.4,NA,"No","TBD"
22697987,"Pterodroma_brevipes","Collared Petrel","Pterodroma_brevipes","Collared Petrel","PROCELLARIIFORMES","Petrels, shearwaters","Subadult/Adult",1,1,1,1,1,3,3,3,3,3,NA,NA,0.667,NA,"No","TBD"
22698300,"Pelecanoides_urinatrix","Common Diving-petrel","Pelecanoides_urinatrix","Common Diving-petrel","PROCELLARIIFORMES","Petrels, shearwaters","Adult",8,3,8,1,4,68,1,53,2,8.5,325.14,18.03,0.029,0.002,"No","TBD"
22698300,"Pelecanoides_urinatrix","Common Diving-petrel","Pelecanoides_urinatrix","Common Diving-petrel","PROCELLARIIFORMES","Petrels, shearwaters","Subadult",1,1,1,1,1,5,5,5,5,5,NA,NA,0,NA,"No","TBD"
22698300,"Pelecanoides_urinatrix","Common Diving-petrel","Pelecanoides_urinatrix","Common Diving-petrel","PROCELLARIIFORMES","Petrels, shearwaters","Subadult/Adult",1,1,1,1,1,4,4,4,4,4,NA,NA,0,NA,"No","TBD"
22697975,"Pterodroma_cookii","Cook's Petrel","Pterodroma_cookii","Cook's Petrel","PROCELLARIIFORMES","Petrels, shearwaters","Adult",4,2,4,1,3,4,1,1,1,1,0,0,0,0,"No","TBD"
22697975,"Pterodroma_cookii","Cook's Petrel","Pterodroma_cookii","Cook's Petrel","PROCELLARIIFORMES","Petrels, shearwaters","Subadult",1,1,1,1,1,1,1,1,1,1,NA,NA,0,NA,"No","TBD"
22697975,"Pterodroma_cookii","Cook's Petrel","Pterodroma_cookii","Cook's Petrel","PROCELLARIIFORMES","Petrels, shearwaters","Subadult/Adult",1,1,1,1,1,9,9,9,9,9,NA,NA,0.444,NA,"No","TBD"
22698477,"Hydrobates_pelagicus","European Storm-petrel","Hydrobates_pelagicus","European Storm-petrel","PROCELLARIIFORMES","Northern storm-petrels","Subadult/Adult",1,1,1,1,1,21,21,21,21,21,NA,NA,0,NA,"No","TBD"
22698124,"Pachyptila_turtur","Fairy Prion","Pachyptila_turtur","Fairy Prion","PROCELLARIIFORMES","Petrels, shearwaters","Adult",16,2,9,1,6,83,1,45,1.5,5.19,120.3,10.97,0.253,0.055,"No","TBD"
22698124,"Pachyptila_turtur","Fairy Prion","Pachyptila_turtur","Fairy Prion","PROCELLARIIFORMES","Petrels, shearwaters","Subadult",18,2,12,1,5,195,1,57,3.5,10.83,285.56,16.9,0.282,0.025,"Yes","Yes"
22698124,"Pachyptila_turtur","Fairy Prion","Pachyptila_turtur","Fairy Prion","PROCELLARIIFORMES","Petrels, shearwaters","Subadult/Adult",1,1,1,1,1,819,819,819,819,819,NA,NA,0.366,NA,"No","TBD"
22698188,"Puffinus_carneipes","Flesh-footed Shearwater","Ardenna_carneipes","Flesh-footed Shearwater","PROCELLARIIFORMES","Petrels, shearwaters","Adult",18,4,7,1,13,240,1,136,4.5,13.33,982.71,31.35,0.256,0.041,"Yes","Yes"
22698188,"Puffinus_carneipes","Flesh-footed Shearwater","Ardenna_carneipes","Flesh-footed Shearwater","PROCELLARIIFORMES","Petrels, shearwaters","Nest-bound",4,3,2,1,3,107,6,56,22.5,26.75,600.92,24.51,0.855,0.006,"Yes","susceptible"
22698188,"Puffinus_carneipes","Flesh-footed Shearwater","Ardenna_carneipes","Flesh-footed Shearwater","PROCELLARIIFORMES","Petrels, shearwaters","Subadult",9,2,4,1,8,28,1,7,3,3.11,4.36,2.09,0.321,0.081,"No","TBD"
22698188,"Puffinus_carneipes","Flesh-footed Shearwater","Ardenna_carneipes","Flesh-footed Shearwater","PROCELLARIIFORMES","Petrels, shearwaters","Subadult/Adult",6,2,2,1,6,146,2,83,15.5,24.33,923.07,30.38,0.622,0.145,"Yes","susceptible"
22698249,"Puffinus_gavia","Fluttering Shearwater","Puffinus_gavia","Fluttering Shearwater","PROCELLARIIFORMES","Petrels, shearwaters","Adult",8,2,7,1,5,49,1,39,1,6.12,176.98,13.3,0.041,0.026,"No","TBD"
22698249,"Puffinus_gavia","Fluttering Shearwater","Puffinus_gavia","Fluttering Shearwater","PROCELLARIIFORMES","Petrels, shearwaters","Subadult",6,2,5,1,4,20,1,8,1,3.33,13.07,3.61,0.45,0.063,"No","TBD"
22698572,"Oceanodroma_furcata","Fork-tailed Storm-petrel","Hydrobates_furcatus","Fork-tailed Storm-petrel","PROCELLARIIFORMES","Northern storm-petrels","Subadult/Adult",3,3,2,1,3,33,12,21,16.5,16.5,40.5,6.36,0.909,0.005,"No","TBD"
22698020,"Pterodroma_phaeopygia","Galapagos Petrel","Pterodroma_phaeopygia","Galapagos Petrel","PROCELLARIIFORMES","Petrels, shearwaters","Subadult/Adult",1,1,1,1,1,2,2,2,2,2,NA,NA,0.5,NA,"No","TBD"
22698201,"Puffinus_gravis","Great Shearwater","Ardenna_gravis","Great Shearwater","PROCELLARIIFORMES","Petrels, shearwaters","Adult",15,12,13,1,14,368,1,84,17,24.53,614.84,24.8,0.653,0.065,"Yes","susceptible"
22698201,"Puffinus_gravis","Great Shearwater","Ardenna_gravis","Great Shearwater","PROCELLARIIFORMES","Petrels, shearwaters","Subadult",2,1,1,1,2,2,1,1,1,1,0,0,0.5,0.5,"No","TBD"
22698201,"Puffinus_gravis","Great Shearwater","Ardenna_gravis","Great Shearwater","PROCELLARIIFORMES","Petrels, shearwaters","Subadult/Adult",3,3,3,1,3,134,6,110,18,44.67,3237.33,56.9,0.739,0.007,"No","TBD"
45048812,"Pterodroma_macroptera","Great-winged Petrel","Pterodroma_macroptera","Great-winged Petrel","PROCELLARIIFORMES","Petrels, shearwaters","Adult",4,2,3,1,4,5,1,2,1,1.25,0.25,0.5,0,0,"No","TBD"
45048812,"Pterodroma_macroptera","Great-winged Petrel","Pterodroma_macroptera","Great-winged Petrel","PROCELLARIIFORMES","Petrels, shearwaters","Subadult",1,1,1,1,1,1,1,1,1,1,NA,NA,0,NA,"No","TBD"
45048812,"Pterodroma_macroptera","Great-winged Petrel","Pterodroma_macroptera","Great-winged Petrel","PROCELLARIIFORMES","Petrels, shearwaters","Subadult/Adult",2,2,2,1,2,202,92,110,101,101,162,12.73,0.134,0,"No","TBD"
22698159,"Procellaria_cinerea","Grey Petrel","Procellaria_cinerea","Grey Petrel","PROCELLARIIFORMES","Petrels, shearwaters","Adult",3,2,2,1,3,10,2,5,3,3.33,2.33,1.53,0.1,0.011,"No","TBD"
22698159,"Procellaria_cinerea","Grey Petrel","Procellaria_cinerea","Grey Petrel","PROCELLARIIFORMES","Petrels, shearwaters","Subadult",1,1,1,1,1,1,1,1,1,1,NA,NA,0,NA,"No","TBD"
22698398,"Thalassarche_chrysostoma","Grey-headed Albatross","Thalassarche_chrysostoma","Grey-headed Albatross","PROCELLARIIFORMES","Albatrosses","Adult",2,2,2,1,2,15,1,14,7.5,7.5,84.5,9.19,0.093,0.001,"No","TBD"
22698398,"Thalassarche_chrysostoma","Grey-headed Albatross","Thalassarche_chrysostoma","Grey-headed Albatross","PROCELLARIIFORMES","Albatrosses","Subadult/Adult",1,1,1,1,1,1,1,1,1,1,NA,NA,0,NA,"No","TBD"
22728442,"Pterodroma_atrata","Henderson Petrel","Pterodroma_atrata","Henderson Petrel","PROCELLARIIFORMES","Petrels, shearwaters","Adult",1,1,1,1,1,29,29,29,29,29,NA,NA,0,NA,"No","TBD"
22698252,"Puffinus_huttoni","Hutton's Shearwater","Puffinus_huttoni","Hutton's Shearwater","PROCELLARIIFORMES","Petrels, shearwaters","Adult",4,2,3,1,4,5,1,2,1,1.25,0.25,0.5,0,0,"No","TBD"
22698252,"Puffinus_huttoni","Hutton's Shearwater","Puffinus_huttoni","Hutton's Shearwater","PROCELLARIIFORMES","Petrels, shearwaters","Subadult",1,1,1,1,1,1,1,1,1,1,NA,NA,0,NA,"No","TBD"
22728372,"Thalassarche_carteri","Indian Yellow-nosed Albatross","Thalassarche_carteri","Indian Yellow-nosed Albatross","PROCELLARIIFORMES","Albatrosses","Subadult/Adult",1,1,1,1,1,77,77,77,77,77,NA,NA,0.019,NA,"No","TBD"
22698030,"Pterodroma_externa","Juan Fernandez Petrel","Pterodroma_externa","Juan Fernandez Petrel","PROCELLARIIFORMES","Petrels, shearwaters","Subadult/Adult",2,2,2,1,2,287,104,183,143.5,143.5,3120.5,55.86,0.007,0,"No","TBD"
22697888,"Lugensa_brevirostris","Kerguelen Petrel","Aphrodroma_brevirostris","Kerguelen Petrel","PROCELLARIIFORMES","Petrels, shearwaters","Adult",1,1,1,1,1,1,1,1,1,1,NA,NA,1,NA,"No","TBD"
22697888,"Lugensa_brevirostris","Kerguelen Petrel","Aphrodroma_brevirostris","Kerguelen Petrel","PROCELLARIIFORMES","Petrels, shearwaters","Subadult",1,1,1,1,1,1,1,1,1,1,NA,NA,0,NA,"No","TBD"
22697888,"Lugensa_brevirostris","Kerguelen Petrel","Aphrodroma_brevirostris","Kerguelen Petrel","PROCELLARIIFORMES","Petrels, shearwaters","Subadult/Adult",3,2,3,1,2,40,5,26,9,13.33,124.33,11.15,0.078,0.007,"No","TBD"
22698027,"Pterodroma_neglecta","Kermadec Petrel","Pterodroma_neglecta","Kermadec Petrel","PROCELLARIIFORMES","Petrels, shearwaters","Adult",1,1,1,1,1,27,27,27,27,27,NA,NA,0.07,NA,"No","TBD"
22698027,"Pterodroma_neglecta","Kermadec Petrel","Pterodroma_neglecta","Kermadec Petrel","PROCELLARIIFORMES","Petrels, shearwaters","Subadult/Adult",2,2,2,1,2,19,8,11,9.5,9.5,4.5,2.12,0,0,"No","TBD"
22698365,"Phoebastria_immutabilis","Laysan Albatross","Phoebastria_immutabilis","Laysan Albatross","PROCELLARIIFORMES","Albatrosses","Adult",5,5,5,1,4,27,1,18,4,6.75,58.25,7.63,0.741,0.026,"No","TBD"
22698365,"Phoebastria_immutabilis","Laysan Albatross","Phoebastria_immutabilis","Laysan Albatross","PROCELLARIIFORMES","Albatrosses","Nest-bound",13,9,11,1,9,827,4,233,40,63.62,4392.92,66.28,0.915,0.006,"Yes","susceptible"
22698365,"Phoebastria_immutabilis","Laysan Albatross","Phoebastria_immutabilis","Laysan Albatross","PROCELLARIIFORMES","Albatrosses","Subadult/Adult",1,1,1,1,1,167,167,167,167,167,NA,NA,0.93,NA,"No","TBD"
22698511,"Oceanodroma_leucorhoa","Leach's Storm-petrel","Hydrobates_leucorhous","Leach's Storm-petrel","PROCELLARIIFORMES","Northern storm-petrels","Adult",9,7,6,1,8,478,1,307,8,53.11,9674.36,98.36,0.208,0.041,"Yes","Yes"
22698511,"Oceanodroma_leucorhoa","Leach's Storm-petrel","Hydrobates_leucorhous","Leach's Storm-petrel","PROCELLARIIFORMES","Northern storm-petrels","Nest-bound",1,1,1,1,1,10,10,10,10,10,NA,NA,0.1,NA,"No","TBD"
22698511,"Oceanodroma_leucorhoa","Leach's Storm-petrel","Hydrobates_leucorhous","Leach's Storm-petrel","PROCELLARIIFORMES","Northern storm-petrels","Subadult/Adult",4,4,4,1,4,1257,3,749,252.5,314.25,104704.92,323.58,0.643,0.15,"Yes","susceptible"
22698448,"Phoebetria_palpebrata","Light-mantled Albatross","Phoebetria_palpebrata","Light-mantled Albatross","PROCELLARIIFORMES","Albatrosses","Adult",3,2,3,1,2,3,1,1,1,1,0,0,0,0,"No","TBD"
22698448,"Phoebetria_palpebrata","Light-mantled Albatross","Phoebetria_palpebrata","Light-mantled Albatross","PROCELLARIIFORMES","Albatrosses","Subadult",1,1,1,1,1,1,1,1,1,1,NA,NA,1,NA,"No","TBD"
22698448,"Phoebetria_palpebrata","Light-mantled Albatross","Phoebetria_palpebrata","Light-mantled Albatross","PROCELLARIIFORMES","Albatrosses","Subadult/Adult",1,1,1,1,1,2,2,2,2,2,NA,NA,0,NA,"No","TBD"
45959011,"Puffinus_assimilis","Little Shearwater","Puffinus_assimilis","Little Shearwater","PROCELLARIIFORMES","Petrels, shearwaters","Adult",8,2,5,1,5,9,1,2,1,1.12,0.12,0.35,0.444,0.278,"No","TBD"
45959011,"Puffinus_assimilis","Little Shearwater","Puffinus_assimilis","Little Shearwater","PROCELLARIIFORMES","Petrels, shearwaters","Subadult",3,1,2,1,3,3,1,1,1,1,0,0,0.667,0.333,"No","TBD"
22698226,"Puffinus_puffinus","Manx Shearwater","Puffinus_puffinus","Manx Shearwater","PROCELLARIIFORMES","Petrels, shearwaters","Adult",4,3,3,1,4,36,3,21,6,9,66.67,8.16,0.283,0.123,"No","TBD"
22698226,"Puffinus_puffinus","Manx Shearwater","Puffinus_puffinus","Manx Shearwater","PROCELLARIIFORMES","Petrels, shearwaters","Subadult",1,1,1,1,1,1,1,1,1,1,NA,NA,0,NA,"No","TBD"
22698226,"Puffinus_puffinus","Manx Shearwater","Puffinus_puffinus","Manx Shearwater","PROCELLARIIFORMES","Petrels, shearwaters","Subadult/Adult",4,4,3,1,4,59,3,25,15.5,14.75,141.58,11.9,0.627,0.039,"No","TBD"
22698543,"Oceanodroma_markhami","Markham's Storm-petrel","Hydrobates_markhami","Markham's Storm-petrel","PROCELLARIIFORMES","Northern storm-petrels","Adult",1,1,1,1,1,95,95,95,95,95,NA,NA,0.03,NA,"No","TBD"
22698543,"Oceanodroma_markhami","Markham's Storm-petrel","Hydrobates_markhami","Markham's Storm-petrel","PROCELLARIIFORMES","Northern storm-petrels","Subadult/Adult",1,1,1,1,1,12,12,12,12,12,NA,NA,0.083,NA,"No","TBD"
22697963,"Pterodroma_inexpectata","Mottled Petrel","Pterodroma_inexpectata","Mottled Petrel","PROCELLARIIFORMES","Petrels, shearwaters","Adult",3,1,2,1,2,3,1,1,1,1,0,0,0.333,0.333,"No","TBD"
22697963,"Pterodroma_inexpectata","Mottled Petrel","Pterodroma_inexpectata","Mottled Petrel","PROCELLARIIFORMES","Petrels, shearwaters","Subadult/Adult",4,4,4,1,4,12,1,5,3,3,3.33,1.83,0.25,0.095,"No","TBD"
22698039,"Pterodroma_ultima","Murphy's Petrel","Pterodroma_ultima","Murphy's Petrel","PROCELLARIIFORMES","Petrels, shearwaters","Adult",1,1,1,1,1,37,37,37,37,37,NA,NA,0.16,NA,"No","TBD"
22698039,"Pterodroma_ultima","Murphy's Petrel","Pterodroma_ultima","Murphy's Petrel","PROCELLARIIFORMES","Petrels, shearwaters","Subadult/Adult",2,2,2,1,2,28,5,23,14,14,162,12.73,0.071,0.001,"No","TBD"
22698240,"Puffinus_newelli","Newell's Shearwater","Puffinus_newelli","Newell's Shearwater","PROCELLARIIFORMES","Petrels, shearwaters","Nest-bound",1,1,1,1,1,30,30,30,30,30,NA,NA,0.5,NA,"No","TBD"
22697866,"Fulmarus_glacialis","Northern Fulmar","Fulmarus_glacialis","Northern Fulmar","PROCELLARIIFORMES","Petrels, shearwaters","Adult",32,21,26,1,21,3719,3,842,46.5,116.22,34128.31,184.74,0.842,0.034,"Yes","susceptible"
22697866,"Fulmarus_glacialis","Northern Fulmar","Fulmarus_glacialis","Northern Fulmar","PROCELLARIIFORMES","Petrels, shearwaters","Nest-bound",1,1,1,1,1,9,9,9,9,9,NA,NA,0.67,NA,"No","TBD"
22697866,"Fulmarus_glacialis","Northern Fulmar","Fulmarus_glacialis","Northern Fulmar","PROCELLARIIFORMES","Petrels, shearwaters","Subadult",2,1,2,1,1,16,6,10,8,8,8,2.83,0.875,0.001,"No","TBD"
22697866,"Fulmarus_glacialis","Northern Fulmar","Fulmarus_glacialis","Northern Fulmar","PROCELLARIIFORMES","Petrels, shearwaters","Subadult/Adult",3,3,3,1,3,69,13,42,14,23,271,16.46,0.886,0.001,"No","TBD"
22697859,"Macronectes_halli","Northern Giant Petrel","Macronectes_halli","Northern Giant Petrel","PROCELLARIIFORMES","Petrels, shearwaters","Adult",3,3,3,1,3,6,1,4,1,2,3,1.73,0.5,0.15,"No","TBD"
22697859,"Macronectes_halli","Northern Giant Petrel","Macronectes_halli","Northern Giant Petrel","PROCELLARIIFORMES","Petrels, shearwaters","Subadult",1,1,1,1,1,1,1,1,1,1,NA,NA,0,NA,"No","TBD"
22728323,"Diomedea_sanfordi","Northern Royal Albatross","Diomedea_sanfordi","Northern Royal Albatross","PROCELLARIIFORMES","Albatrosses","Subadult/Adult",1,1,1,1,1,36,36,36,36,36,NA,NA,0.389,NA,"No","TBD"
22698001,"Pterodroma_alba","Phoenix Petrel","Pterodroma_alba","Phoenix Petrel","PROCELLARIIFORMES","Petrels, shearwaters","Subadult/Adult",2,2,2,1,2,30,11,19,15,15,32,5.66,0,0,"No","TBD"
22698195,"Puffinus_creatopus","Pink-footed Shearwater","Ardenna_creatopus","Pink-footed Shearwater","PROCELLARIIFORMES","Petrels, shearwaters","Subadult/Adult",1,1,1,1,1,1,1,1,1,1,NA,NA,1,NA,"No","TBD"
22698471,"Nesofregetta_fuliginosa","Polynesian Storm-petrel","Nesofregetta_fuliginosa","Polynesian Storm-petrel","PROCELLARIIFORMES","Southern storm-petrels","Subadult/Adult",2,2,2,1,2,22,8,14,11,11,18,4.24,0,0,"No","TBD"
22698042,"Pterodroma_solandri","Providence Petrel","Pterodroma_solandri","Providence Petrel","PROCELLARIIFORMES","Petrels, shearwaters","Adult",2,2,2,1,2,49,1,48,24.5,24.5,1104.5,33.23,0.11,0,"No","TBD"
22698042,"Pterodroma_solandri","Providence Petrel","Pterodroma_solandri","Providence Petrel","PROCELLARIIFORMES","Petrels, shearwaters","Nest-bound",1,1,1,1,1,61,61,61,61,61,NA,NA,0.112,NA,"No","TBD"
22698042,"Pterodroma_solandri","Providence Petrel","Pterodroma_solandri","Providence Petrel","PROCELLARIIFORMES","Petrels, shearwaters","Subadult/Adult",1,1,1,1,1,2,2,2,2,2,NA,NA,0.5,NA,"No","TBD"
22697984,"Pterodroma_pycrofti","Pycroft's Petrel","Pterodroma_pycrofti","Pycroft's Petrel","PROCELLARIIFORMES","Petrels, shearwaters","Adult",1,1,1,1,1,2,2,2,2,2,NA,NA,0.5,NA,"No","TBD"
22697984,"Pterodroma_pycrofti","Pycroft's Petrel","Pterodroma_pycrofti","Pycroft's Petrel","PROCELLARIIFORMES","Petrels, shearwaters","Subadult/Adult",1,1,1,1,1,5,5,5,5,5,NA,NA,0.4,NA,"No","TBD"
22698567,"Oceanodroma_hornbyi","Ringed Storm-petrel","Hydrobates_hornbyi","Ringed Storm-petrel","PROCELLARIIFORMES","Northern storm-petrels","Subadult/Adult",1,1,1,1,1,1,1,1,1,1,NA,NA,0,NA,"No","TBD"
22698388,"Thalassarche_salvini","Salvin's Albatross","Thalassarche_salvini","Salvin's Albatross","PROCELLARIIFORMES","Albatrosses","Adult",11,2,6,1,4,147,1,104,3,13.36,920.65,30.34,0.014,0,"Yes","not susceptible"
22698388,"Thalassarche_salvini","Salvin's Albatross","Thalassarche_salvini","Salvin's Albatross","PROCELLARIIFORMES","Albatrosses","Subadult",1,1,1,1,1,1,1,1,1,1,NA,NA,0,NA,"No","TBD"
104062546,"Pachyptila_salvini","Salvin's Prion","Pachyptila_salvini","Salvin's Prion","PROCELLARIIFORMES","Petrels, shearwaters","Adult",5,2,2,1,3,7,1,2,1,1.4,0.3,0.55,0.714,0.071,"No","TBD"
104062546,"Pachyptila_salvini","Salvin's Prion","Pachyptila_salvini","Salvin's Prion","PROCELLARIIFORMES","Petrels, shearwaters","Subadult",2,1,2,1,1,10,2,8,5,5,18,4.24,0.8,0.025,"No","TBD"
104062546,"Pachyptila_salvini","Salvin's Prion","Pachyptila_salvini","Salvin's Prion","PROCELLARIIFORMES","Petrels, shearwaters","Subadult/Adult",1,1,1,1,1,663,663,663,663,663,NA,NA,0.201,NA,"No","TBD"
45061132,"Calonectris_diomedea","Scopoli's Shearwater","Calonectris_diomedea","Scopoli's Shearwater","PROCELLARIIFORMES","Petrels, shearwaters","Adult",6,4,4,1,6,221,1,147,11,36.83,3248.97,57,0.397,0.093,"Yes","Yes"
45061132,"Calonectris_diomedea","Scopoli's Shearwater","Calonectris_diomedea","Scopoli's Shearwater","PROCELLARIIFORMES","Petrels, shearwaters","Nest-bound",1,1,1,1,1,85,85,85,85,85,NA,NA,0.84,NA,"No","TBD"
45061132,"Calonectris_diomedea","Scopoli's Shearwater","Calonectris_diomedea","Scopoli's Shearwater","PROCELLARIIFORMES","Petrels, shearwaters","Subadult",1,1,1,1,1,12,12,12,12,12,NA,NA,0.33,NA,"No","TBD"
45061132,"Calonectris_diomedea","Scopoli's Shearwater","Calonectris_diomedea","Scopoli's Shearwater","PROCELLARIIFORMES","Petrels, shearwaters","Subadult/Adult",3,3,3,1,3,302,5,185,112,100.67,8196.33,90.53,0.861,0.012,"No","TBD"
22698216,"Puffinus_tenuirostris","Short-tailed Shearwater","Ardenna_tenuirostris","Short-tailed Shearwater","PROCELLARIIFORMES","Petrels, shearwaters","Adult",83,8,17,1,20,1077,1,330,2,12.98,1650.56,40.63,0.82,0.019,"Yes","susceptible"
22698216,"Puffinus_tenuirostris","Short-tailed Shearwater","Ardenna_tenuirostris","Short-tailed Shearwater","PROCELLARIIFORMES","Petrels, shearwaters","Nest-bound",2,2,2,1,2,94,27,67,47,47,800,28.28,0.957,0.005,"No","TBD"
22698216,"Puffinus_tenuirostris","Short-tailed Shearwater","Ardenna_tenuirostris","Short-tailed Shearwater","PROCELLARIIFORMES","Petrels, shearwaters","Subadult",9,2,7,1,6,72,1,23,5,8,62,7.87,0.861,0.019,"No","TBD"
22698216,"Puffinus_tenuirostris","Short-tailed Shearwater","Ardenna_tenuirostris","Short-tailed Shearwater","PROCELLARIIFORMES","Petrels, shearwaters","Subadult/Adult",5,4,4,1,4,316,5,200,12,63.2,6977.7,83.53,0.608,0.001,"Yes","susceptible"
22729604,"Thalassarche_cauta","Shy Albatross","Thalassarche_cauta","Shy Albatross","PROCELLARIIFORMES","Albatrosses","Adult",34,3,21,1,10,94,1,21,1,2.76,18.12,4.26,0.011,0.011,"No","TBD"
22729604,"Thalassarche_cauta","Shy Albatross","Thalassarche_cauta","Shy Albatross","PROCELLARIIFORMES","Albatrosses","Nest-bound",1,1,1,1,1,540,540,540,540,540,NA,NA,0.009,NA,"No","TBD"
22729604,"Thalassarche_cauta","Shy Albatross","Thalassarche_cauta","Shy Albatross","PROCELLARIIFORMES","Albatrosses","Subadult",7,2,6,1,5,9,1,2,1,1.29,0.24,0.49,0,0,"No","TBD"
22729604,"Thalassarche_cauta","Shy Albatross","Thalassarche_cauta","Shy Albatross","PROCELLARIIFORMES","Albatrosses","Subadult/Adult",1,1,1,1,1,601,601,601,601,601,NA,NA,0.027,NA,"No","TBD"
22698119,"Pachyptila_belcheri","Slender-billed Prion","Pachyptila_belcheri","Slender-billed Prion","PROCELLARIIFORMES","Petrels, shearwaters","Adult",8,3,7,1,4,19,1,6,1,2.38,4.27,2.07,0.632,0.068,"No","TBD"
22698119,"Pachyptila_belcheri","Slender-billed Prion","Pachyptila_belcheri","Slender-billed Prion","PROCELLARIIFORMES","Petrels, shearwaters","Subadult",3,1,3,1,1,52,6,36,10,17.33,265.33,16.29,0.596,0.008,"No","TBD"
22698119,"Pachyptila_belcheri","Slender-billed Prion","Pachyptila_belcheri","Slender-billed Prion","PROCELLARIIFORMES","Petrels, shearwaters","Subadult/Adult",4,4,4,1,4,164,1,152,5.5,41,5480.67,74.03,0.104,0.024,"Yes","Yes"
22697885,"Pagodroma_nivea","Snow Petrel","Pagodroma_nivea","Snow Petrel","PROCELLARIIFORMES","Petrels, shearwaters","Adult",2,2,2,1,2,166,27,139,83,83,6272,79.2,0.032,0,"No","TBD"
22697885,"Pagodroma_nivea","Snow Petrel","Pagodroma_nivea","Snow Petrel","PROCELLARIIFORMES","Petrels, shearwaters","Subadult/Adult",4,1,4,1,1,363,39,139,92.5,90.75,1830.92,42.79,0.011,0,"Yes","not susceptible"
22698080,"Pterodroma_mollis","Soft-plumaged Petrel","Pterodroma_mollis","Soft-plumaged Petrel","PROCELLARIIFORMES","Petrels, shearwaters","Adult",2,1,1,1,2,2,1,1,1,1,0,0,0.5,0.5,"No","TBD"
22698080,"Pterodroma_mollis","Soft-plumaged Petrel","Pterodroma_mollis","Soft-plumaged Petrel","PROCELLARIIFORMES","Petrels, shearwaters","Subadult/Adult",1,1,1,1,1,1,1,1,1,1,NA,NA,1,NA,"No","TBD"
22698431,"Phoebetria_fusca","Sooty Albatross","Phoebetria_fusca","Sooty Albatross","PROCELLARIIFORMES","Albatrosses","Adult",1,1,1,1,1,1,1,1,1,1,NA,NA,0,NA,"No","TBD"
22698209,"Puffinus_griseus","Sooty Shearwater","Ardenna_grisea","Sooty Shearwater","PROCELLARIIFORMES","Petrels, shearwaters","Adult",102,16,31,1,26,1146,1,228,2.5,11.24,901.31,30.02,0.484,0.068,"Yes","Yes"
22698209,"Puffinus_griseus","Sooty Shearwater","Ardenna_grisea","Sooty Shearwater","PROCELLARIIFORMES","Petrels, shearwaters","Subadult/Adult",4,4,4,1,4,631,25,543,31.5,157.75,65986.25,256.88,0.819,0.01,"Yes","susceptible"
22698293,"Pelecanoides_georgicus","South Georgia Diving-petrel","Pelecanoides_georgicus","South Georgia Diving-petrel","PROCELLARIIFORMES","Petrels, shearwaters","Adult",2,2,2,1,2,12,2,10,6,6,32,5.66,0,0,"No","TBD"
22697870,"Fulmarus_glacialoides","Southern Fulmar","Fulmarus_glacialoides","Southern Fulmar","PROCELLARIIFORMES","Petrels, shearwaters","Adult",5,4,5,1,4,98,1,49,18,19.6,385.8,19.64,0.051,0.003,"No","TBD"
22697870,"Fulmarus_glacialoides","Southern Fulmar","Fulmarus_glacialoides","Southern Fulmar","PROCELLARIIFORMES","Petrels, shearwaters","Subadult",2,1,2,1,2,2,1,1,1,1,0,0,1,0,"No","TBD"
22697870,"Fulmarus_glacialoides","Southern Fulmar","Fulmarus_glacialoides","Southern Fulmar","PROCELLARIIFORMES","Petrels, shearwaters","Subadult/Adult",7,4,7,1,4,143,1,49,13,20.43,411.95,20.3,0.239,0.072,"Yes","Yes"
22697852,"Macronectes_giganteus","Southern Giant Petrel","Macronectes_giganteus","Southern Giant Petrel","PROCELLARIIFORMES","Petrels, shearwaters","Adult",7,5,7,1,5,9,1,2,1,1.29,0.24,0.49,0.778,0.194,"No","TBD"
22697852,"Macronectes_giganteus","Southern Giant Petrel","Macronectes_giganteus","Southern Giant Petrel","PROCELLARIIFORMES","Petrels, shearwaters","Nest-bound",1,1,1,1,1,73,73,73,73,73,NA,NA,0.66,NA,"No","TBD"
22697852,"Macronectes_giganteus","Southern Giant Petrel","Macronectes_giganteus","Southern Giant Petrel","PROCELLARIIFORMES","Petrels, shearwaters","Subadult",4,2,4,1,3,6,1,3,1,1.5,1,1,0.667,0.133,"No","TBD"
22697852,"Macronectes_giganteus","Southern Giant Petrel","Macronectes_giganteus","Southern Giant Petrel","PROCELLARIIFORMES","Petrels, shearwaters","Subadult/Adult",5,2,5,1,2,23,2,10,4,4.6,10.8,3.29,0.174,0.041,"No","TBD"
22698314,"Diomedea_epomophora","Southern Royal Albatross","Diomedea_epomophora","Southern Royal Albatross","PROCELLARIIFORMES","Albatrosses","Adult",2,1,2,1,1,2,1,1,1,1,0,0,0,0,"No","TBD"
22698314,"Diomedea_epomophora","Southern Royal Albatross","Diomedea_epomophora","Southern Royal Albatross","PROCELLARIIFORMES","Albatrosses","Subadult/Adult",2,2,2,1,2,25,2,23,12.5,12.5,220.5,14.85,0.2,0.008,"No","TBD"
22728437,"Procellaria_conspicillata","Spectacled Petrel","Procellaria_conspicillata","Spectacled Petrel","PROCELLARIIFORMES","Petrels, shearwaters","Subadult/Adult",3,3,2,1,3,19,3,9,7,6.33,9.33,3.06,0.259,0.002,"No","TBD"
22697997,"Pterodroma_longirostris","Stejneger's Petrel","Pterodroma_longirostris","Stejneger's Petrel","PROCELLARIIFORMES","Petrels, shearwaters","Subadult/Adult",3,3,3,1,3,72,1,46,25,24,507,22.52,0.667,0.013,"No","TBD"
22698172,"Calonectris_leucomelas","Streaked Shearwater","Calonectris_leucomelas","Streaked Shearwater","PROCELLARIIFORMES","Petrels, shearwaters","Subadult/Adult",1,1,1,1,1,2,2,2,2,2,NA,NA,0,NA,"No","TBD"
22697925,"Pseudobulweria_rostrata","Tahiti Petrel","Pseudobulweria_rostrata","Tahiti Petrel","PROCELLARIIFORMES","Petrels, shearwaters","Adult",1,1,1,1,1,1,1,1,1,1,NA,NA,0,NA,"No","TBD"
22697925,"Pseudobulweria_rostrata","Tahiti Petrel","Pseudobulweria_rostrata","Tahiti Petrel","PROCELLARIIFORMES","Petrels, shearwaters","Subadult/Adult",2,2,2,1,2,188,67,121,94,94,1458,38.18,0.011,0,"No","TBD"
22698005,"Pterodroma_arminjoniana","Trindade Petrel","Pterodroma_arminjoniana","Trindade Petrel","PROCELLARIIFORMES","Petrels, shearwaters","Adult",1,1,1,1,1,1,1,1,1,1,NA,NA,0,NA,"No","TBD"
22698005,"Pterodroma_arminjoniana","Trindade Petrel","Pterodroma_arminjoniana","Trindade Petrel","PROCELLARIIFORMES","Petrels, shearwaters","Subadult/Adult",2,2,2,1,2,22,11,11,11,11,0,0,0,0,"No","TBD"
22728364,"Diomedea_dabbenena","Tristan Albatross","Diomedea_dabbenena","Tristan Albatross","PROCELLARIIFORMES","Albatrosses","Subadult/Adult",3,3,3,1,3,12,1,6,5,4,7,2.65,0.165,0.03,"No","TBD"
22698535,"Oceanodroma_tristrami","Tristram's Storm-petrel","Hydrobates_tristrami","Tristram's Storm-petrel","PROCELLARIIFORMES","Northern storm-petrels","Adult",1,1,1,1,1,18,18,18,18,18,NA,NA,0.33,NA,"No","TBD"
22698535,"Oceanodroma_tristrami","Tristram's Storm-petrel","Hydrobates_tristrami","Tristram's Storm-petrel","PROCELLARIIFORMES","Northern storm-petrels","Nest-bound",2,2,1,1,2,74,17,57,37,37,800,28.28,0.851,0.076,"No","TBD"
22698535,"Oceanodroma_tristrami","Tristram's Storm-petrel","Hydrobates_tristrami","Tristram's Storm-petrel","PROCELLARIIFORMES","Northern storm-petrels","Subadult/Adult",1,1,1,1,1,4,4,4,4,4,NA,NA,1,NA,"No","TBD"
22698305,"Diomedea_exulans","Wandering Albatross","Diomedea_exulans","Wandering Albatross","PROCELLARIIFORMES","Albatrosses","Adult",4,3,4,1,3,53,1,50,1,13.25,600.25,24.5,0.094,0.001,"No","TBD"
22698305,"Diomedea_exulans","Wandering Albatross","Diomedea_exulans","Wandering Albatross","PROCELLARIIFORMES","Albatrosses","Nest-bound",3,2,3,1,2,66,3,33,30,22,273,16.52,0.523,0.011,"No","TBD"
22698305,"Diomedea_exulans","Wandering Albatross","Diomedea_exulans","Wandering Albatross","PROCELLARIIFORMES","Albatrosses","Subadult",2,1,1,1,2,2,1,1,1,1,0,0,0,0,"No","TBD"
22698305,"Diomedea_exulans","Wandering Albatross","Diomedea_exulans","Wandering Albatross","PROCELLARIIFORMES","Albatrosses","Subadult/Adult",3,3,3,1,3,19,3,12,4,6.33,24.33,4.93,0,0,"No","TBD"
22698320,"Phoebastria_irrorata","Waved Albatross","Phoebastria_irrorata","Waved Albatross","PROCELLARIIFORMES","Albatrosses","Nest-bound",1,1,1,1,1,40,40,40,40,40,NA,NA,0.07,NA,"No","TBD"
22698496,"Oceanodroma_tethys","Wedge-rumped Storm-petrel","Hydrobates_tethys","Wedge-rumped Storm-petrel","PROCELLARIIFORMES","Northern storm-petrels","Subadult/Adult",2,2,2,1,2,472,176,296,236,236,7200,84.85,0.006,0,"No","TBD"
22698175,"Puffinus_pacificus","Wedge-tailed Shearwater","Ardenna_pacifica","Wedge-tailed Shearwater","PROCELLARIIFORMES","Petrels, shearwaters","Adult",13,7,12,1,6,336,4,85,23,25.85,455.47,21.34,0.174,0.022,"Yes","Yes"
22698175,"Puffinus_pacificus","Wedge-tailed Shearwater","Ardenna_pacifica","Wedge-tailed Shearwater","PROCELLARIIFORMES","Petrels, shearwaters","Nest-bound",5,5,5,1,5,159,7,85,24,31.8,965.7,31.08,0.316,0.024,"Yes","Yes"
22698175,"Puffinus_pacificus","Wedge-tailed Shearwater","Ardenna_pacifica","Wedge-tailed Shearwater","PROCELLARIIFORMES","Petrels, shearwaters","Subadult/Adult",2,2,2,1,2,268,35,233,134,134,19602,140.01,0.004,0,"No","TBD"
22698155,"Procellaria_westlandica","Westland Petrel","Procellaria_westlandica","Westland Petrel","PROCELLARIIFORMES","Petrels, shearwaters","Adult",4,1,3,1,2,12,1,5,3,3,3.33,1.83,0.083,0.038,"No","TBD"
22698465,"Fregetta_grallaria","White-bellied Storm-petrel","Fregetta_grallaria","White-bellied Storm-petrel","PROCELLARIIFORMES","Southern storm-petrels","Adult",1,1,1,1,1,8,8,8,8,8,NA,NA,0,NA,"No","TBD"
22698465,"Fregetta_grallaria","White-bellied Storm-petrel","Fregetta_grallaria","White-bellied Storm-petrel","PROCELLARIIFORMES","Southern storm-petrels","Subadult/Adult",1,1,1,1,1,18,18,18,18,18,NA,NA,0.056,NA,"No","TBD"
22729609,"Thalassarche_steadi","White-capped Albatross","Thalassarche_steadi","White-capped Albatross","PROCELLARIIFORMES","Albatrosses","Adult",2,2,2,1,2,192,1,191,96,96,18050,134.35,0.01,0,"No","TBD"
22729609,"Thalassarche_steadi","White-capped Albatross","Thalassarche_steadi","White-capped Albatross","PROCELLARIIFORMES","Albatrosses","Subadult/Adult",1,1,1,1,1,17,17,17,17,17,NA,NA,0,NA,"No","TBD"
22698140,"Procellaria_aequinoctialis","White-chinned Petrel","Procellaria_aequinoctialis","White-chinned Petrel","PROCELLARIIFORMES","Petrels, shearwaters","Adult",25,6,15,1,12,929,1,361,7,37.16,7575.81,87.04,0.079,0.004,"Yes","not susceptible"
22698140,"Procellaria_aequinoctialis","White-chinned Petrel","Procellaria_aequinoctialis","White-chinned Petrel","PROCELLARIIFORMES","Petrels, shearwaters","Nest-bound",1,1,1,1,1,2,2,2,2,2,NA,NA,1,NA,"No","TBD"
22698140,"Procellaria_aequinoctialis","White-chinned Petrel","Procellaria_aequinoctialis","White-chinned Petrel","PROCELLARIIFORMES","Petrels, shearwaters","Subadult",3,2,2,1,3,3,1,1,1,1,0,0,0.333,0.333,"No","TBD"
22698140,"Procellaria_aequinoctialis","White-chinned Petrel","Procellaria_aequinoctialis","White-chinned Petrel","PROCELLARIIFORMES","Petrels, shearwaters","Subadult/Adult",8,6,5,1,8,234,3,65,33,29.25,395.93,19.9,0.485,0.022,"Yes","Yes"
22698453,"Pelagodroma_marina","White-faced Storm-petrel","Pelagodroma_marina","White-faced Storm-petrel","PROCELLARIIFORMES","Southern storm-petrels","Adult",1,1,1,1,1,1,1,1,1,1,NA,NA,1,NA,"No","TBD"
22698453,"Pelagodroma_marina","White-faced Storm-petrel","Pelagodroma_marina","White-faced Storm-petrel","PROCELLARIIFORMES","Southern storm-petrels","Subadult",1,1,1,1,1,1,1,1,1,1,NA,NA,1,NA,"No","TBD"
22698453,"Pelagodroma_marina","White-faced Storm-petrel","Pelagodroma_marina","White-faced Storm-petrel","PROCELLARIIFORMES","Southern storm-petrels","Subadult/Adult",2,2,2,1,2,28,13,15,14,14,2,1.41,0.714,0,"No","TBD"
22698055,"Pterodroma_lessonii","White-headed Petrel","Pterodroma_lessonii","White-headed Petrel","PROCELLARIIFORMES","Petrels, shearwaters","Adult",5,2,4,1,4,6,1,2,1,1.2,0.2,0.45,0.333,0.167,"No","TBD"
22698055,"Pterodroma_lessonii","White-headed Petrel","Pterodroma_lessonii","White-headed Petrel","PROCELLARIIFORMES","Petrels, shearwaters","Subadult",1,1,1,1,1,1,1,1,1,1,NA,NA,0,NA,"No","TBD"
22697957,"Pterodroma_cervicalis","White-necked Petrel","Pterodroma_cervicalis","White-necked Petrel","PROCELLARIIFORMES","Petrels, shearwaters","Adult",2,2,2,1,1,2,1,1,1,1,0,0,0,0,"No","TBD"
22697957,"Pterodroma_cervicalis","White-necked Petrel","Pterodroma_cervicalis","White-necked Petrel","PROCELLARIIFORMES","Petrels, shearwaters","Subadult/Adult",2,2,2,1,2,22,10,12,11,11,2,1.41,0.091,0,"No","TBD"
22698442,"Oceanites_gracilis","White-vented Storm-petrel","Oceanites_gracilis","White-vented Storm-petrel","PROCELLARIIFORMES","Southern storm-petrels","Subadult/Adult",1,1,1,1,1,2,2,2,2,2,NA,NA,0,NA,"No","TBD"
22697970,"Pterodroma_leucoptera","White-winged Petrel","Pterodroma_leucoptera","White-winged Petrel","PROCELLARIIFORMES","Petrels, shearwaters","Adult",6,2,4,1,4,10,1,3,1.5,1.67,0.67,0.82,0.6,0.193,"No","TBD"
22698436,"Oceanites_oceanicus","Wilson's Storm-petrel","Oceanites_oceanicus","Wilson's Storm-petrel","PROCELLARIIFORMES","Southern storm-petrels","Adult",5,3,5,1,3,146,4,51,27,29.2,427.2,20.67,0.164,0.021,"Yes","Yes"
22698436,"Oceanites_oceanicus","Wilson's Storm-petrel","Oceanites_oceanicus","Wilson's Storm-petrel","PROCELLARIIFORMES","Southern storm-petrels","Nest-bound",1,1,1,1,1,16,16,16,16,16,NA,NA,0.81,NA,"No","TBD"
22698436,"Oceanites_oceanicus","Wilson's Storm-petrel","Oceanites_oceanicus","Wilson's Storm-petrel","PROCELLARIIFORMES","Southern storm-petrels","Subadult/Adult",4,2,4,1,2,99,8,49,21,24.75,322.92,17.97,0.171,0.026,"No","TBD"
22698230,"Puffinus_yelkouan","Yelkouan Shearwater","Puffinus_yelkouan","Yelkouan Shearwater","PROCELLARIIFORMES","Petrels, shearwaters","Adult",1,1,1,1,1,31,31,31,31,31,NA,NA,0.71,NA,"No","TBD"
22697758,"Pygoscelis_adeliae","Adelie Penguin","Pygoscelis_adeliae","Adelie Penguin","SPHENISCIFORMES","Penguins","Nest-bound",1,1,1,1,1,6,6,6,6,6,NA,NA,0,NA,"No","TBD"
22697758,"Pygoscelis_adeliae","Adelie Penguin","Pygoscelis_adeliae","Adelie Penguin","SPHENISCIFORMES","Penguins","Subadult/Adult",4,1,4,1,1,104,5,60,19.5,26,620.67,24.91,0,0,"Yes","not susceptible"
22697761,"Pygoscelis_antarcticus","Chinstrap Penguin","Pygoscelis_antarcticus","Chinstrap Penguin","SPHENISCIFORMES","Penguins","Adult",1,1,1,1,1,6,6,6,6,6,NA,NA,0,NA,"No","TBD"
22697752,"Aptenodytes_forsteri","Emperor Penguin","Aptenodytes_forsteri","Emperor Penguin","SPHENISCIFORMES","Penguins","Subadult/Adult",2,1,2,1,1,25,8,17,12.5,12.5,40.5,6.36,0,0,"No","TBD"
22697755,"Pygoscelis_papua","Gentoo Penguin","Pygoscelis_papua","Gentoo Penguin","SPHENISCIFORMES","Penguins","Subadult/Adult",1,1,1,1,1,5,5,5,5,5,NA,NA,0,NA,"No","TBD"
22697822,"Spheniscus_magellanicus","Magellanic Penguin","Spheniscus_magellanicus","Magellanic Penguin","SPHENISCIFORMES","Penguins","Adult",4,2,2,1,4,185,1,175,4.5,46.25,7371.58,85.86,0.157,0.002,"Yes","Yes"
22697822,"Spheniscus_magellanicus","Magellanic Penguin","Spheniscus_magellanicus","Magellanic Penguin","SPHENISCIFORMES","Penguins","Subadult",4,2,2,1,4,352,12,213,63.5,88,7562,86.96,0.133,0.011,"Yes","Yes"
22697822,"Spheniscus_magellanicus","Magellanic Penguin","Spheniscus_magellanicus","Magellanic Penguin","SPHENISCIFORMES","Penguins","Subadult/Adult",1,1,1,1,1,144,144,144,144,144,NA,NA,0.8,NA,"No","TBD"
22696675,"Morus_serrator","Australasian Gannet","Morus_serrator","Australasian Gannet","SULIFORMES","Gannets, boobies","Adult",2,1,2,1,1,4,1,3,2,2,2,1.41,0,0,"No","TBD"
22696675,"Morus_serrator","Australasian Gannet","Morus_serrator","Australasian Gannet","SULIFORMES","Gannets, boobies","Subadult",1,1,1,1,1,10,10,10,10,10,NA,NA,0,NA,"No","TBD"
22696698,"Sula_leucogaster","Brown Booby","Sula_leucogaster","Brown Booby","SULIFORMES","Gannets, boobies","Adult",3,1,1,1,3,29,3,16,10,9.67,42.33,6.51,0.171,0.029,"No","TBD"
22696698,"Sula_leucogaster","Brown Booby","Sula_leucogaster","Brown Booby","SULIFORMES","Gannets, boobies","Subadult",3,1,1,1,3,13,1,7,5,4.33,9.33,3.06,0.233,0.007,"No","TBD"
22696698,"Sula_leucogaster","Brown Booby","Sula_leucogaster","Brown Booby","SULIFORMES","Gannets, boobies","Subadult/Adult",1,1,1,1,1,5,5,5,5,5,NA,NA,0,NA,"No","TBD"
22696776,"Phalacrocorax_auritus","Double-crested Cormorant","Phalacrocorax_auritus","Double-crested Cormorant","SULIFORMES","Cormorants","Adult",1,1,1,1,1,1,1,1,1,1,NA,NA,0,NA,"No","TBD"
22696776,"Phalacrocorax_auritus","Double-crested Cormorant","Phalacrocorax_auritus","Double-crested Cormorant","SULIFORMES","Cormorants","Subadult",1,1,1,1,1,1,1,1,1,1,NA,NA,0,NA,"No","TBD"
22696894,"Phalacrocorax_aristotelis","European Shag","Phalacrocorax_aristotelis","European Shag","SULIFORMES","Cormorants","Subadult/Adult",1,1,1,1,1,10,10,10,10,10,NA,NA,0.1,NA,"No","TBD"
22696792,"Phalacrocorax_carbo","Great Cormorant","Phalacrocorax_carbo","Great Cormorant","SULIFORMES","Cormorants","Adult",1,1,1,1,1,1,1,1,1,1,NA,NA,0,NA,"No","TBD"
22697733,"Fregata_minor","Great Frigatebird","Fregata_minor","Great Frigatebird","SULIFORMES","Frigatebirds","Nest-bound",1,1,1,1,1,45,45,45,45,45,NA,NA,0.18,NA,"No","TBD"
22697733,"Fregata_minor","Great Frigatebird","Fregata_minor","Great Frigatebird","SULIFORMES","Frigatebirds","Subadult/Adult",1,1,1,1,1,3,3,3,3,3,NA,NA,0,NA,"No","TBD"
22729686,"Phalacrocorax_atriceps","Imperial Shag","Phalacrocorax_atriceps","Imperial Shag","SULIFORMES","Cormorants","Subadult/Adult",3,1,1,1,1,76,1,45,30,25.33,500.33,22.37,0,0,"No","TBD"
22697738,"Fregata_ariel","Lesser Frigatebird","Fregata_ariel","Lesser Frigatebird","SULIFORMES","Frigatebirds","Adult",1,1,1,1,1,1,1,1,1,1,NA,NA,0,NA,"No","TBD"
22697724,"Fregata_magnificens","Magnificent Frigatebird","Fregata_magnificens","Magnificent Frigatebird","SULIFORMES","Frigatebirds","Adult",3,2,2,1,3,7,1,4,2,2.33,2.33,1.53,0.143,0.143,"No","TBD"
22697724,"Fregata_magnificens","Magnificent Frigatebird","Fregata_magnificens","Magnificent Frigatebird","SULIFORMES","Frigatebirds","Subadult",2,1,1,1,2,4,1,3,2,2,2,1.41,0,0,"No","TBD"
22736173,"Sula_dactylatra","Masked Booby","Sula_dactylatra","Masked Booby","SULIFORMES","Gannets, boobies","Adult",5,2,2,1,5,632,1,208,144,126.4,6389.3,79.93,0.005,0,"Yes","not susceptible"
22736173,"Sula_dactylatra","Masked Booby","Sula_dactylatra","Masked Booby","SULIFORMES","Gannets, boobies","Nest-bound",1,1,1,1,1,20,20,20,20,20,NA,NA,0.05,NA,"No","TBD"
22736173,"Sula_dactylatra","Masked Booby","Sula_dactylatra","Masked Booby","SULIFORMES","Gannets, boobies","Subadult",1,1,1,1,1,1,1,1,1,1,NA,NA,1,NA,"No","TBD"
22736173,"Sula_dactylatra","Masked Booby","Sula_dactylatra","Masked Booby","SULIFORMES","Gannets, boobies","Subadult/Adult",1,1,1,1,1,6,6,6,6,6,NA,NA,0,NA,"No","TBD"
22696657,"Morus_bassanus","Northern Gannet","Morus_bassanus","Northern Gannet","SULIFORMES","Gannets, boobies","Adult",3,3,3,1,3,12,1,8,3,4,13,3.61,0.17,0.072,"No","TBD"
22696657,"Morus_bassanus","Northern Gannet","Morus_bassanus","Northern Gannet","SULIFORMES","Gannets, boobies","Subadult",2,1,1,1,2,5,1,4,2.5,2.5,4.5,2.12,0,0,"No","TBD"
22728950,"Phalacrocorax_pelagicus","Pelagic Cormorant","Phalacrocorax_pelagicus","Pelagic Cormorant","SULIFORMES","Cormorants","Subadult",1,1,1,1,1,1,1,1,1,1,NA,NA,0,NA,"No","TBD"
22728950,"Phalacrocorax_pelagicus","Pelagic Cormorant","Phalacrocorax_pelagicus","Pelagic Cormorant","SULIFORMES","Cormorants","Subadult/Adult",1,1,1,1,1,10,10,10,10,10,NA,NA,0.2,NA,"No","TBD"
22696887,"Phalacrocorax_urile","Red-faced Cormorant","Phalacrocorax_urile","Red-faced Cormorant","SULIFORMES","Cormorants","Subadult/Adult",1,1,1,1,1,16,16,16,16,16,NA,NA,0,NA,"No","TBD"
22696694,"Sula_sula","Red-footed Booby","Sula_sula","Red-footed Booby","SULIFORMES","Gannets, boobies","Adult",1,1,1,1,1,1,1,1,1,1,NA,NA,0,NA,"No","TBD"
22696694,"Sula_sula","Red-footed Booby","Sula_sula","Red-footed Booby","SULIFORMES","Gannets, boobies","Nest-bound",3,1,3,1,1,105,35,35,35,35,0,0,0.01,0,"No","TBD"
22696694,"Sula_sula","Red-footed Booby","Sula_sula","Red-footed Booby","SULIFORMES","Gannets, boobies","Subadult",1,1,1,1,1,1,1,1,1,1,NA,NA,0,NA,"No","TBD"
