"SISRecID_BLVr9","Common.name_BLVr9","Common.name_BirdTree","Genus_BirdTree","Species_BirdTree","TipLabel_BirdTree","BirdTree.equal.BLVr9","TipLabel_sometimes.lumped.as","Taxonomy_Notes_HBW","Order","BLFamilyLatin","BLFamilyEnglish","BirdLife.taxonomic.treatment..R...recognised.as.a.species..NR...not.recognised.as.a.species","Authority","Body.Mass.g","Source_Body.Mass.g","Link_species","Link","SAUSCommon_Name","Alternative.common.names","Feeding.Method","Excavates.Burrow","Nocturnal.Foraging","Diet","Opportunistic.Inferred","TipLabel_BLVr9","Genus_BLVr9","NOT.Marine","DMS.responsive_Savoca","DMS.responsive_Dell.Ariccia","Agreement_Savoca_Dell.Ariccia","Savoca.Burrow.nesting","Savoca.Reference.numbers","X2016.IUCN.Red.List.category","Migration.status","Extent.of.Occurrence.Breeding..resident..km2.","Extent.of.Occurrence.Non.breeding..resident..km2.","Current.population.trend","Current.population.trend.derivation","UniqueID_Plastic.study","Source","Date_Text","Common.name_Plastic.study","Site","Age.Class9","Age.Class","Age.Class4","Status","Date_FirstYR","Link.plastic","Date_LastYR","Study.Duration","n","FO","Plastic","lon","lat","Collection.Where","Collection.How","Collection.What","Standardized"
62030590,"Arctic Herring Gull","Arctic Herring Gull","NA (Arctic Herring Gull / Larus_smithsonianus - Not recognized by ROTL BirdTree)","NA (Arctic Herring Gull / Larus_smithsonianus - Not recognized by ROTL BirdTree)","NA (Arctic Herring Gull / Larus_smithsonianus - Not recognized by ROTL BirdTree)",FALSE,NA,"Not in ROTL BirdTree","CHARADRIIFORMES","Laridae","Gulls, terns, skimmers","R","Coues, 1862",1170,"Handbook of the Birds of the World Alive. Lynx Edicions, Barcelona. (retrieved fromÊhttps://www.hbw.com/node/467281Êon 7 November 2018).","arctic-herring-gull-larus-smithsonianus","https://www.hbw.com/species/arctic-herring-gull-larus-smithsonianus",NA,"American Herring Gull","Surface.Plunging","No","No","Fish","Yes","Larus_smithsonianus","Larus",NA,NA,NA,NA,NA,NA,"LC","Full Migrant",12400000,7650000,"Decreasing","Suspected",NA,NA,NA,NA,NA,NA,NA,NA,NA,NA,NA,NA,NA,NA,NA,NA,NA,NA,NA,NA,NA,NA
62026537,"Australian Gull-billed Tern","Australian Gull-billed Tern","NA (Australian Gull-billed Tern / Gelochelidon_macrotarsa - Not recognized by ROTL BirdTree)","NA (Australian Gull-billed Tern / Gelochelidon_macrotarsa - Not recognized by ROTL BirdTree)","NA (Australian Gull-billed Tern / Gelochelidon_macrotarsa - Not recognized by ROTL BirdTree)",FALSE,"Sterna_nilotica","Not in ROTL. Can be treated as equiv to BirdTree Sterna nilotica because Gelochelidon nilotica and G. macrotarsa (del Hoyo and Collar 2014) were previously placed in the genus Sterna and lumped as S. nilotica following Sibley and Monroe (1990, 1993). Gull-billed Tern (Gelochelidon nilotica), with the Australian subspecies (G. n. macrotarsa) able to be reported separately from the others (including the Asian affinis ssp.).","CHARADRIIFORMES","Laridae","Gulls, terns, skimmers","R","(Gould, 1837)",368.5,"https://www.hbw.com/species/australian-gull-billed-tern-gelochelidon-macrotarsa","australian-gull-billed-tern-gelochelidon-macrotarsa","https://www.hbw.com/species/australian-gull-billed-tern-gelochelidon-macrotarsa",NA,NA,"Surface.Seizing","No","No","Other.Inverts","Yes","Gelochelidon_macrotarsa","Gelochelidon",NA,NA,NA,NA,NA,NA,"LC","Full Migrant",5660000,5840000,"Unknown","Suspected",NA,NA,NA,NA,NA,NA,NA,NA,NA,NA,NA,NA,NA,NA,NA,NA,NA,NA,NA,NA,NA,NA
22698272,"Bannerman's Shearwater","Bannerman's Shearwater","NA (Bannerman's Shearwater / Puffinus_bannermani - Not recognized by ROTL BirdTree)","NA (Bannerman's Shearwater / Puffinus_bannermani - Not recognized by ROTL BirdTree)","NA (Bannerman's Shearwater / Puffinus_bannermani - Not recognized by ROTL BirdTree)",FALSE,NA,"Not in ROTL BirdTree","PROCELLARIIFORMES","Procellariidae","Petrels, shearwaters","R","Mathews & Iredale, 1915",NA,"Not in free HBW, CRC Handbook, Arkive","bannermans-shearwater-puffinus-bannermani","https://www.hbw.com/species/bannermans-shearwater-puffinus-bannermani",NA,NA,"Surface.Seizing","Yes","Yes","Fish","No","Puffinus_bannermani","Puffinus",NA,NA,NA,NA,NA,NA,"EN","Full Migrant",1380000,NA,"Decreasing","Suspected",NA,NA,NA,NA,NA,NA,NA,NA,NA,NA,NA,NA,NA,NA,NA,NA,NA,NA,NA,NA,NA,NA
22732425,"Black Scoter","Black Scoter","NA (Black Scoter / Melanitta_americana - Not recognized by ROTL BirdTree)","NA (Black Scoter / Melanitta_americana - Not recognized by ROTL BirdTree)","NA (Black Scoter / Melanitta_americana - Not recognized by ROTL BirdTree)",FALSE,NA,"Not in ROTL BirdTree","ANSERIFORMES","Anatidae","Ducks, geese, swans","R","(Swainson, 1832)",974,"Handbook of the Birds of the World Alive. Lynx Edicions, Barcelona. (retrieved fromÊhttps://www.hbw.com/node/467281Êon 7 November 2018).","black-scoter-melanitta-americana","https://www.hbw.com/species/black-scoter-melanitta-americana",NA,"American Scoter","Bottom.Feeding","No","No","Other.Inverts","No","Melanitta_americana","Melanitta",NA,NA,NA,NA,NA,NA,"NT","Full Migrant",3670000,1330000,"Decreasing","Suspected",NA,NA,NA,NA,NA,NA,NA,NA,NA,NA,NA,NA,NA,NA,NA,NA,NA,NA,NA,NA,NA,NA
45354718,"Bryan's Shearwater","Bryan's Shearwater","NA (Bryan's Shearwater / Puffinus_bryani - Not recognized by ROTL BirdTree)","NA (Bryan's Shearwater / Puffinus_bryani - Not recognized by ROTL BirdTree)","NA (Bryan's Shearwater / Puffinus_bryani - Not recognized by ROTL BirdTree)",FALSE,NA,"Not in ROTL BirdTree","PROCELLARIIFORMES","Procellariidae","Petrels, shearwaters","R","Pyle, Welch & Fleischer, 2011",NA,"Not in free HBW, CRC Handbook, Arkive","bryans-shearwater-puffinus-bryani","https://www.hbw.com/species/bryans-shearwater-puffinus-bryani",NA,"Pardela de Bryan",NA,"Yes",NA,"Unknown",NA,"Puffinus_bryani","Puffinus",NA,NA,NA,NA,NA,NA,"CR","Full Migrant",3110000,NA,"Decreasing","Suspected",NA,NA,NA,NA,NA,NA,NA,NA,NA,NA,NA,NA,NA,NA,NA,NA,NA,NA,NA,NA,NA,NA
22732244,"Cory's Shearwater","Cory's Shearwater","NA (Cory's Shearwater / Calonectris_borealis - Not recognized by ROTL BirdTree)","NA (Cory's Shearwater / Calonectris_borealis - Not recognized by ROTL BirdTree)","NA (Cory's Shearwater / Calonectris_borealis - Not recognized by ROTL BirdTree)",FALSE,"Calonectris_diomedea","Not in ROTL. Until recently considered conspecific with_Calonectris_diomedea_and_C. edwardsii_(which see). Monotypic.","PROCELLARIIFORMES","Procellariidae","Petrels, shearwaters","R","(Cory, 1881)",535,"CRC Handbook of Avian Body Masses, Second Edition. CRC Press (2007), (available at https://www.crcpress.com/CRC-Handbook-of-Avian-Body-Masses-Second-Edition/Dunning-Jr/p/book/9781420064445).","corys-shearwater-calonectris-borealis","https://www.audubon.org/field-guide/bird/corys-shearwater","Cory's Shearwater",NA,"Pursuit.Plunging","Yes","Yes","Cephalopods","Yes","Calonectris_borealis","Calonectris",NA,NA,NA,NA,NA,NA,"LC","Full Migrant",65500000,NA,"Unknown","Suspected",NA,NA,NA,NA,NA,NA,NA,NA,NA,NA,NA,NA,NA,NA,NA,NA,NA,NA,NA,NA,NA,NA
22736135,"Desertas Petrel","Desertas Petrel","NA (Desertas Petrel / Pterodroma_deserta - Not recognized by ROTL BirdTree)","NA (Desertas Petrel / Pterodroma_deserta - Not recognized by ROTL BirdTree)","NA (Desertas Petrel / Pterodroma_deserta - Not recognized by ROTL BirdTree)",FALSE,"Pterodroma_feae","Not in ROTL. Entered as P. feae which is conspecific. Pterodroma deserta Mathews, 1934, Bugio Island, Desertas Islands, off south-east Madeira.
This taxon was previously considered dubious and the population included within a monotypic P. feae (itself sometimes treated as conspecific with P. mollis). It has recently been accorded rank of full species on basis primarily of molecular data, although there are also differences between the two in bill morphology (slight, allow 1) and vocalizations (seemingly moderate, but possibly decisive, so 3); moreover, there is a marked difference from P. feae in timing of breeding (Jul_Aug vs Dec_Jan) (currently unscorable on system used herein, but clearly important). Treatment as separate species is here provisionally accepted on the basis of remarkable disjunction in breeding season and other characters. Monotypic.","PROCELLARIIFORMES","Procellariidae","Petrels, shearwaters","R","Mathews, 1934",325,"Handbook of the Birds of the World Alive. Lynx Edicions, Barcelona. (retrieved fromÊhttps://www.hbw.com/node/467281Êon 7 November 2018).","desertas-petrel-pterodroma-deserta","https://www.hbw.com/species/desertas-petrel-pterodroma-deserta",NA,"Petrel de las Desertas","Surface.Seizing","Yes","Yes","Cephalopods","No","Pterodroma_deserta","Pterodroma",NA,NA,NA,NA,NA,NA,"VU","Full Migrant",32500000,NA,"Stable","Estimated",NA,NA,NA,NA,NA,NA,NA,NA,NA,NA,NA,NA,NA,NA,NA,NA,NA,NA,NA,NA,NA,NA
22733979,"Galapagos Shearwater","Galapagos Shearwater","NA (Galapagos Shearwater / Puffinus_subalaris - Not recognized by ROTL BirdTree)","NA (Galapagos Shearwater / Puffinus_subalaris - Not recognized by ROTL BirdTree)","NA (Galapagos Shearwater / Puffinus_subalaris - Not recognized by ROTL BirdTree)",FALSE,"Puffinus lherminieri","Not in RTOL. Entered as P. lherminieri. This species (Puffinus subalaris Ridgway, 1897, Dalrymple Rock, Chatham Island [San Crist_bal], Galapagos.) was previously treated as conspecific with P. lherminieri, but recent study indicates that it is a distinct species more closely related to P. nativitatis. Monotypic.","PROCELLARIIFORMES","Procellariidae","Petrels, shearwaters","R","Ridgway, 1897",176.5,"Handbook of the Birds of the World Alive. Lynx Edicions, Barcelona. (retrieved fromÊhttps://www.hbw.com/node/467281Êon 7 November 2018).","galapagos-shearwater-puffinus-subalaris","https://www.hbw.com/species/galapagos-shearwater-puffinus-subalaris",NA,NA,"Pursuit.Diving","Yes","Yes","Fish","No","Puffinus_subalaris","Puffinus",NA,NA,NA,NA,NA,NA,"LC","Full Migrant",5680000,NA,"Decreasing","Suspected",NA,NA,NA,NA,NA,NA,NA,NA,NA,NA,NA,NA,NA,NA,NA,NA,NA,NA,NA,NA,NA,NA
45048990,"Grey-faced Petrel","Grey-faced Petrel","NA (Grey-faced Petrel / Pterodroma_gouldi - Not recognized by ROTL BirdTree)","NA (Grey-faced Petrel / Pterodroma_gouldi - Not recognized by ROTL BirdTree)","NA (Grey-faced Petrel / Pterodroma_gouldi - Not recognized by ROTL BirdTree)",FALSE,"Pterodroma_gouldi","Not in ROTL BirdTree. Pterodroma macroptera and P. gouldi (del Hoyo and Collar 2014) were previously lumped as P. macroptera following Sibley and Monroe (1990, 1993).","PROCELLARIIFORMES","Procellariidae","Petrels, shearwaters","R","(Hutton, 1869)",532.5,"CRC Handbook of Avian Body Masses, Second Edition. CRC Press (2007), (available at https://www.crcpress.com/CRC-Handbook-of-Avian-Body-Masses-Second-Edition/Dunning-Jr/p/book/9781420064445).","grey-faced-petrel-pterodroma-gouldi","https://www.hbw.com/species/grey-faced-petrel-pterodroma-gouldi",NA,NA,"Surface.Seizing","Yes","Yes","Cephalopods","Yes","Pterodroma_gouldi","Pterodroma",NA,NA,NA,NA,NA,NA,"LC","Full Migrant",16400000,NA,"Decreasing","Suspected",1346,"Roman et al. 2019","2016","Grey-faced Petrel","New Zealand, North Island, Aukland",NA,"A",NA,NA,2016,NA,NA,1,1,0,"No",NA,NA,"See Roman et al., 2018 TIDY.csv for for details","See Roman et al., 2018 TIDY.csv for for details","See Roman et al., 2018 TIDY.csv for for details","Almost. Visual inspection, but followed jan van Franeker et al."
45048990,"Grey-faced Petrel","Grey-faced Petrel","NA (Grey-faced Petrel / Pterodroma_gouldi - Not recognized by ROTL BirdTree)","NA (Grey-faced Petrel / Pterodroma_gouldi - Not recognized by ROTL BirdTree)","NA (Grey-faced Petrel / Pterodroma_gouldi - Not recognized by ROTL BirdTree)",FALSE,"Pterodroma_gouldi","Not in ROTL BirdTree. Pterodroma macroptera and P. gouldi (del Hoyo and Collar 2014) were previously lumped as P. macroptera following Sibley and Monroe (1990, 1993).","PROCELLARIIFORMES","Procellariidae","Petrels, shearwaters","R","(Hutton, 1869)",532.5,"CRC Handbook of Avian Body Masses, Second Edition. CRC Press (2007), (available at https://www.crcpress.com/CRC-Handbook-of-Avian-Body-Masses-Second-Edition/Dunning-Jr/p/book/9781420064445).","grey-faced-petrel-pterodroma-gouldi","https://www.hbw.com/species/grey-faced-petrel-pterodroma-gouldi",NA,NA,"Surface.Seizing","Yes","Yes","Cephalopods","Yes","Pterodroma_gouldi","Pterodroma",NA,NA,NA,NA,NA,NA,"LC","Full Migrant",16400000,NA,"Decreasing","Suspected",1347,"Roman et al. 2019","2016","Grey-faced Petrel","New Zealand, North Island, Karioitahi Beach",NA,"A",NA,NA,2016,NA,NA,1,1,0,"No",NA,NA,"See Roman et al., 2018 TIDY.csv for for details","See Roman et al., 2018 TIDY.csv for for details","See Roman et al., 2018 TIDY.csv for for details","Almost. Visual inspection, but followed jan van Franeker et al."
45048990,"Grey-faced Petrel","Grey-faced Petrel","NA (Grey-faced Petrel / Pterodroma_gouldi - Not recognized by ROTL BirdTree)","NA (Grey-faced Petrel / Pterodroma_gouldi - Not recognized by ROTL BirdTree)","NA (Grey-faced Petrel / Pterodroma_gouldi - Not recognized by ROTL BirdTree)",FALSE,"Pterodroma_gouldi","Not in ROTL BirdTree. Pterodroma macroptera and P. gouldi (del Hoyo and Collar 2014) were previously lumped as P. macroptera following Sibley and Monroe (1990, 1993).","PROCELLARIIFORMES","Procellariidae","Petrels, shearwaters","R","(Hutton, 1869)",532.5,"CRC Handbook of Avian Body Masses, Second Edition. CRC Press (2007), (available at https://www.crcpress.com/CRC-Handbook-of-Avian-Body-Masses-Second-Edition/Dunning-Jr/p/book/9781420064445).","grey-faced-petrel-pterodroma-gouldi","https://www.hbw.com/species/grey-faced-petrel-pterodroma-gouldi",NA,NA,"Surface.Seizing","Yes","Yes","Cephalopods","Yes","Pterodroma_gouldi","Pterodroma",NA,NA,NA,NA,NA,NA,"LC","Full Migrant",16400000,NA,"Decreasing","Suspected",1348,"Roman et al. 2019","2016","Grey-faced Petrel","New Zealand, North Island, Papamoa Beach",NA,"SA",NA,NA,2016,NA,NA,1,2,0,"No",NA,NA,"See Roman et al., 2018 TIDY.csv for for details","See Roman et al., 2018 TIDY.csv for for details","See Roman et al., 2018 TIDY.csv for for details","Almost. Visual inspection, but followed jan van Franeker et al."
22698530,"Guadalupe Storm-petrel","Guadalupe Storm-petrel","NA (Guadalupe Storm-petrel / Hydrobates_macrodactylus - Not recognized by ROTL BirdTree)","NA (Guadalupe Storm-petrel / Hydrobates_macrodactylus - Not recognized by ROTL BirdTree)","NA (Guadalupe Storm-petrel / Hydrobates_macrodactylus - Not recognized by ROTL BirdTree)",FALSE,NA,"Not in ROTL BirdTree. Oceanodroma leucorhoa macrodactyla W. E. Bryant, 1887, Guadalupe Island, Baja California, Mexico.
Probably related to the species that may be separated in genus Cymochorea (see H. leucorhous). Monotypic.","PROCELLARIIFORMES","Hydrobatidae","Northern storm-petrels","R","(Bryant, 1887)",NA,"Not in free HBW, CRC Handbook, Arkive","guadalupe-storm-petrel-hydrobates-macrodactylus","https://www.hbw.com/species/guadalupe-storm-petrel-hydrobates-macrodactylus",NA,"Guadalupe Storm-Petrel, Guadalupe Storm Petrel",NA,NA,NA,"Unknown",NA,"Hydrobates_macrodactylus","Hydrobates",NA,NA,NA,NA,NA,NA,"CR (PE)","Full Migrant",1,78400,"Unknown",NA,NA,NA,NA,NA,NA,NA,NA,NA,NA,NA,NA,NA,NA,NA,NA,NA,NA,NA,NA,NA,NA,NA
22696813,"Kerguelen Shag","Kerguelen Shag","NA (Kerguelen Shag / Phalacrocorax_verrucosus - Not recognized by ROTL BirdTree)","NA (Kerguelen Shag / Phalacrocorax_verrucosus - Not recognized by ROTL BirdTree)","NA (Kerguelen Shag / Phalacrocorax_verrucosus - Not recognized by ROTL BirdTree)",FALSE,"Phalacrocorax_atriceps","Not in ROTL BirdTree. Halieus (Hypoleucus) verrucosus Cabanis, 1875, Kerguelen. Sometimes placed in genus Notocarbo or occasionally in Leucocarbo. Often considered a race of P. atriceps, but specifically distinct (as argued earlier) on account of its small size, notably in shortness of bill, with mean of 50 (range 45_53) vs 58.53 (54_62) in geographically and probably genetically closest form melanogenis (at least 2); much more rounded wing (morphometric character: 1); dull brownish vs reddish-pink feet (2); all-black upperparts (no white on wings or back) (2); and bluish-grey vs strong blue eyering (1). Occasional occurrence of birds with white wingbars exclusively in E Kerguelen may suggest recent arrival of some individuals of P. a. melanogenis or P. a. nivalis, which may subsequently have hybridized with local birds. Monotypic.","SULIFORMES","Phalacrocoracidae","Cormorants","R","(Cabanis, 1875)",2630,"CRC Handbook of Avian Body Masses, Second Edition. CRC Press (2007), (available at https://www.crcpress.com/CRC-Handbook-of-Avian-Body-Masses-Second-Edition/Dunning-Jr/p/book/9781420064445).","kerguelen-shag-phalacrocorax-verrucosus","https://www.hbw.com/species/kerguelen-shag-phalacrocorax-verrucosus","Kerguelen Shag",NA,"Pursuit.Diving","No","No","Fish","No","Phalacrocorax_verrucosus","Phalacrocorax",NA,NA,NA,NA,NA,NA,"LC","Full Migrant",10900,5900,"Unknown","Not Applicable",NA,NA,NA,NA,NA,NA,NA,NA,NA,NA,NA,NA,NA,NA,NA,NA,NA,NA,NA,NA,NA,NA
22728800,"Large St Helena Petrel","Large St Helena Petrel","NA (Pterodroma_rupinarum not recognized by BirdTree) (Large St Helena Petrel / Pterodroma_rupinarum - Not recognized by ROTL BirdTree)","NA (Pterodroma_rupinarum not recognized by BirdTree) (Large St Helena Petrel / Pterodroma_rupinarum - Not recognized by ROTL BirdTree)","NA (Pterodroma_rupinarum not recognized by BirdTree) (Large St Helena Petrel / Pterodroma_rupinarum - Not recognized by ROTL BirdTree)",FALSE,NA,"Not in ROTL BirdTree. Pterodroma rupinarum Olson, 1975, Prosperous Bay, St Helena Island, South Atlantic Ocean.
Sometimes placed in genus Pseudobulweria. Monotypic.","PROCELLARIIFORMES","Procellariidae","Petrels, shearwaters","R","Olson, 1975",NA,"Not in free HBW, CRC Handbook, Arkive","large-st-helena-petrel-pterodroma-rupinarum","https://www.hbw.com/species/large-st-helena-petrel-pterodroma-rupinarum",NA,"St Helena Gadfly Petrel",NA,NA,NA,"Unknown",NA,"Pterodroma_rupinarum","Pterodroma",NA,NA,NA,NA,NA,NA,"EX","Not a Migrant",NA,NA,NA,"Not Applicable",NA,NA,NA,NA,NA,NA,NA,NA,NA,NA,NA,NA,NA,NA,NA,NA,NA,NA,NA,NA,NA,NA
104062579,"MacGillivray's Prion","MacGillivray's Prion","NA (MacGillivray's Prion / Pachyptila_macgillivrayi - Not recognized by ROTL BirdTree)","NA (MacGillivray's Prion / Pachyptila_macgillivrayi - Not recognized by ROTL BirdTree)","NA (MacGillivray's Prion / Pachyptila_macgillivrayi - Not recognized by ROTL BirdTree)",FALSE,"Pachyptila_vittata","Not in ROTL BirdTree. Previously ascribed to P. vittata, and sometimes given full species status, but position had been considered intermediate between P. salvini and P. vittata. However, recent discovery that, along with P. vittata, another (narrow-billed) form of Pachyptila, in addition to P. salvini, breeds on Gough lead to renewed interest in the present taxon, because the _newê S Atlantic population shows a strong degree of morphological congruence with P. macgillivrayi in S Indian Ocean. Given that on Gough the two forms of P. vittata breed assortatively and are spatially segregated, and that elsewhere two species of Pachyptila, showing comparable differences in bill widths, breed sympatrically at similarly offset times_P. belcheri with P. desolata and P. salvini with P. desolata in the Crozet Is_it seems reasonable to believe that two species are involved. Gough birds are provisionally accepted to involve macgillivrayi and, equally provisionally, this taxon is considered to merit specific status. Nevertheless, both assumptions require further testing, including molecularly. Monotypic.","PROCELLARIIFORMES","Procellariidae","Petrels, shearwaters","R","(Mathews, 1912)",NA,"Not in free HBW, CRC Handbook, Arkive","macgillivrays-prion-pachyptila-macgillivrayi","https://www.hbw.com/species/macgillivrays-prion-pachyptila-macgillivrayi",NA,NA,"Skimming","Yes","Yes","Crustaceans","No","Pachyptila_macgillivrayi","Pachyptila",NA,NA,NA,NA,NA,NA,"EN",NA,NA,NA,NA,NA,NA,NA,NA,NA,NA,NA,NA,NA,NA,NA,NA,NA,NA,NA,NA,NA,NA,NA,NA,NA,NA,NA
22698267,"Persian Shearwater","Persian Shearwater","NA (Persian Shearwater / Puffinus_persicus - Not recognized by ROTL BirdTree)","NA (Persian Shearwater / Puffinus_persicus - Not recognized by ROTL BirdTree)","NA (Persian Shearwater / Puffinus_persicus - Not recognized by ROTL BirdTree)",FALSE,"Puffinus lherminieri","Previously treated as conspecific with P. lherminieri (see Genus Puffinus). Two subspecies recognized.","PROCELLARIIFORMES","Procellariidae","Petrels, shearwaters","R","Hume, 1873",195,"CRC Handbook of Avian Body Masses, Second Edition. CRC Press (2007), (available at https://www.crcpress.com/CRC-Handbook-of-Avian-Body-Masses-Second-Edition/Dunning-Jr/p/book/9781420064445).","persian-shearwater-puffinus-persicus","https://www.hbw.com/species/persian-shearwater-puffinus-persicus",NA,NA,"Pursuit.Diving","Yes","Yes","Fish","No","Puffinus_persicus","Puffinus",NA,NA,NA,NA,NA,NA,"LC","Full Migrant",3310000,3300000,"Decreasing",NA,NA,NA,NA,NA,NA,NA,NA,NA,NA,NA,NA,NA,NA,NA,NA,NA,NA,NA,NA,NA,NA,NA
45354823,"Pincoya Storm-petrel","Pincoya Storm-petrel","NA (Pincoya Storm-petrel / Oceanites_pincoyae - Not recognized by ROTL BirdTree)","NA (Pincoya Storm-petrel / Oceanites_pincoyae - Not recognized by ROTL BirdTree)","NA (Pincoya Storm-petrel / Oceanites_pincoyae - Not recognized by ROTL BirdTree)",FALSE,NA,"Ecologically and morphometrically closest to O. gracilis galapagoensis, rather more distinct from geographically closest forms of more pelagic O. oceanicus; _ight swift, direct, and higher above water; seems closest to Fregetta maoriana. Separated from all congeners by bold white ulnar bars (3); Fregetta-type underwing pattern (ns[2]); extensive white reaching lower belly (2); white outer vanes on basal third of rectrices 5 and 6 (2); longer middle toe and claw, probably associated with distinctive foraging behaviour (2). Monotypic.","PROCELLARIIFORMES","Oceanitidae","Southern storm-petrels","R","Harrison, Sallaberry, Gaskin, Baird, Jamarillo, Metz, Pearman, O'Keeffe, Dowdall, Enright, Fahy, Gilligan & Lillie, 2013",26,"Handbook of the Birds of the World Alive. Lynx Edicions, Barcelona. (retrieved fromÊhttps://www.hbw.com/node/467281Êon 7 November 2018).","pincoya-storm-petrel-oceanites-pincoyae","https://www.hbw.com/species/pincoya-storm-petrel-oceanites-pincoyae",NA,"Paê_o pincoya","Surface.Seizing",NA,NA,"Fish",NA,"Oceanites_pincoyae","Oceanites",NA,NA,NA,NA,NA,NA,"DD","Full Migrant",3100,NA,"Unknown","Not Applicable",NA,NA,NA,NA,NA,NA,NA,NA,NA,NA,NA,NA,NA,NA,NA,NA,NA,NA,NA,NA,NA,NA
62101249,"Scripps's Murrelet","Scripps's Murrelet","NA (Not recognized by BirdTree. In 2012 Synthliboramphus_hypoleucus was split into Xantus's Murrelet and Scripp's Murrelet) (Scripps's Murrelet / Synthliboramphus_scrippsi - Not recognized by ROTL BirdTree)","NA (Not recognized by BirdTree. In 2012 Synthliboramphus_hypoleucus was split into Xantus's Murrelet and Scripp's Murrelet) (Scripps's Murrelet / Synthliboramphus_scrippsi - Not recognized by ROTL BirdTree)","NA (Not recognized by BirdTree. In 2012 Synthliboramphus_hypoleucus was split into Xantus's Murrelet and Scripp's Murrelet) (Scripps's Murrelet / Synthliboramphus_scrippsi - Not recognized by ROTL BirdTree)",FALSE,"Synthliboramphus_hypoleucus","Sometimes placed in Brachyramphus or in Endomychura. Sympatric (as is S. hypoleucus) with closely related S. craveri at San Benito Is (Baja California), where further study required to determine degree of mixing and gene exchange; may be conspecific with S. craveri. Often treated as conspecific with S. hypoleucus, but now generally considered a separate species, most recently on the grounds of _lack of evidence of interbreeding where the two are sympatric on the San Benito Islands, and on differences in morphology (especially facial pattern and bill shape), vocalizations, and genetics”; more specifically, black vs white lores, preocular supercilium and ear-coverts (3); shorter, stubbier bill (allow 2); call a piping whistle vs cricket-like rattle (at least 2). Monotypic.","CHARADRIIFORMES","Alcidae","Auks","R","(Green and Arnold, 1939)",167,"CRC Handbook of Avian Body Masses, Second Edition. CRC Press (2007), (available at https://www.crcpress.com/CRC-Handbook-of-Avian-Body-Masses-Second-Edition/Dunning-Jr/p/book/9781420064445).","scrippss-murrelet-synthliboramphus-scrippsi","https://www.hbw.com/species/scrippss-murrelet-synthliboramphus-scrippsi",NA,"M_rgulo de Scripps","Pursuit.Diving","No",NA,"Fish","No","Synthliboramphus_scrippsi","Synthliboramphus",NA,NA,NA,NA,NA,NA,"VU","Not a Migrant",136000,802000,"Decreasing","Suspected",NA,NA,NA,NA,NA,NA,NA,NA,NA,NA,NA,NA,NA,NA,NA,NA,NA,NA,NA,NA,NA,NA
22724845,"Siberian Scoter","Siberian Scoter","NA (Siberian Scoter / Melanitta_stejnegeri - Not recognized by ROTL BirdTree)","NA (Siberian Scoter / Melanitta_stejnegeri - Not recognized by ROTL BirdTree)","NA (Siberian Scoter / Melanitta_stejnegeri - Not recognized by ROTL BirdTree)",FALSE,"Melanitta_fusca","BirdTree doesn't recognize the splitting of M. fusca into M. fusca, M. deglandi and M. stejnegeri","ANSERIFORMES","Anatidae","Ducks, geese, swans","R","(Ridgway, 1887)",1117.75,"Handbook of the Birds of the World Alive. Lynx Edicions, Barcelona. (retrieved fromÊhttps://www.hbw.com/node/467281Êon 7 November 2018).","siberian-scoter-melanitta-stejnegeri","https://www.hbw.com/species/siberian-scoter-melanitta-stejnegeri",NA,"Stejneger's Scoter","Bottom.Feeding","No","No","Other.Inverts","No","Melanitta_stejnegeri","Melanitta",NA,NA,NA,NA,NA,NA,"LC","Full Migrant",6490000,2110000,"Decreasing","Suspected",NA,NA,NA,NA,NA,NA,NA,NA,NA,NA,NA,NA,NA,NA,NA,NA,NA,NA,NA,NA,NA,NA
22728804,"Small St Helena Petrel","Small St Helena Petrel","NA (Small St Helena Petrel / Bulweria_bifax - Not recognized by ROTL BirdTree)","NA (Small St Helena Petrel / Bulweria_bifax - Not recognized by ROTL BirdTree)","NA (Small St Helena Petrel / Bulweria_bifax - Not recognized by ROTL BirdTree)",FALSE,NA,"Extinct. Sometimes placed in genus_Pseudobulweria. Monotypic.","PROCELLARIIFORMES","Procellariidae","Petrels, shearwaters","R","Olson, 1975",NA,"Not in free HBW, CRC Handbook, Arkive","small-st-helena-petrel-bulweria-bifax","https://www.hbw.com/species/small-st-helena-petrel-bulweria-bifax",NA,"St. Helena Bulwer's Petrel",NA,NA,NA,"Unknown",NA,"Bulweria_bifax","Bulweria",NA,NA,NA,NA,NA,NA,"EX","Not a Migrant",NA,NA,NA,"Not Applicable",NA,NA,NA,NA,NA,NA,NA,NA,NA,NA,NA,NA,NA,NA,NA,NA,NA,NA,NA,NA,NA,NA
22696750,"Spectacled Cormorant","Spectacled Cormorant","NA (Spectacled Cormorant / Phalacrocorax_perspicillatus - Not recognized by ROTL BirdTree)","NA (Spectacled Cormorant / Phalacrocorax_perspicillatus - Not recognized by ROTL BirdTree)","NA (Spectacled Cormorant / Phalacrocorax_perspicillatus - Not recognized by ROTL BirdTree)",FALSE,NA,"Extinct.","SULIFORMES","Phalacrocoracidae","Cormorants","R","Pallas, 1811",NA,"Not in free HBW, CRC Handbook, Arkive","spectacled-cormorant-phalacrocorax-perspicillatus","https://www.hbw.com/species/spectacled-cormorant-phalacrocorax-perspicillatus",NA,NA,NA,NA,NA,"Unknown",NA,"Phalacrocorax_perspicillatus","Phalacrocorax",NA,NA,NA,NA,NA,NA,"EX","Not a Migrant",NA,NA,NA,"Not Applicable",NA,NA,NA,NA,NA,NA,NA,NA,NA,NA,NA,NA,NA,NA,NA,NA,NA,NA,NA,NA,NA,NA
45959186,"Subantarctic Shearwater","Subantarctic Shearwater","NA (Subantarctic Shearwater / Puffinus_elegans - Not recognized by ROTL BirdTree)","NA (Subantarctic Shearwater / Puffinus_elegans - Not recognized by ROTL BirdTree)","NA (Subantarctic Shearwater / Puffinus_elegans - Not recognized by ROTL BirdTree)",FALSE,"Puffinus_assimilis","Previously included in_P. assimilis_(see Genus_Puffinus). Monotypic.","PROCELLARIIFORMES","Procellariidae","Petrels, shearwaters","R","Giglioli & Salvadori, 1869",207,"Handbook of the Birds of the World Alive. Lynx Edicions, Barcelona. (retrieved fromÊhttps://www.hbw.com/node/467281Êon 7 November 2018).","subantarctic-shearwater-puffinus-elegans","https://www.hbw.com/species/subantarctic-shearwater-puffinus-elegans",NA,NA,"Pursuit.Plunging","Yes","Yes","Fish","No","Puffinus_elegans","Puffinus",NA,NA,NA,NA,NA,NA,"LC","Full Migrant",13900000,NA,"Decreasing","Suspected",NA,NA,NA,NA,NA,NA,NA,NA,NA,NA,NA,NA,NA,NA,NA,NA,NA,NA,NA,NA,NA,NA
22734070,"Tropical Shearwater","Tropical Shearwater","NA (Tropical Shearwater / Puffinus_bailloni - Not recognized by ROTL BirdTree)","NA (Tropical Shearwater / Puffinus_bailloni - Not recognized by ROTL BirdTree)","NA (Tropical Shearwater / Puffinus_bailloni - Not recognized by ROTL BirdTree)",FALSE,"Puffinus_lherminieri","Previously treated as conspecific with P. lherminieri (see Genus Puffinus). Races nicolae and gunax sometimes included in dichrous. Form described as P. atrodorsalis in 1995 probably based on immature plumage of bailloni. Proposed race polynesiae (Tahiti) is probably indistinguishable from dichrous; colstoni (Seychelles) genetically inseparable from nicolae. Four subspecies recognized.
Subspecies and Distribution
P. b. nicolae Jouanin, 1971 _ tropical Indian Ocean, breeding in Aldabra, Seychelles, Maldives and Chagos Archipelago.
P. b. bailloni Bonaparte, 1857 _ tropical Indian Ocean, breeding on Europa I and Reunion (Mascarene Is).
P. b. dichrous Finsch & Hartlaub, 1867 _ tropical Pacific Ocean, breeding from Palau and Marianas E to Gambier Is.
P. b. gunax Mathews, 1930 _ Seas of SW Pacific, breeding on Vanuatu.","PROCELLARIIFORMES","Procellariidae","Petrels, shearwaters","R","(Bonaparte, 1857)",200.25,"Handbook of the Birds of the World Alive. Lynx Edicions, Barcelona. (retrieved fromÊhttps://www.hbw.com/node/467281Êon 7 November 2018).","tropical-shearwater-puffinus-bailloni","https://www.hbw.com/species/tropical-shearwater-puffinus-bailloni__https://www.google.com/url?sa=t&rct=j&q=&esrc=s&source=web&cd=1&ved=2ahUKEwi1qJ-i543eAhWFXSsKHaW5B1UQFjAAegQICRAC&url=http%3A%2F%2Fwww.theses.fr%2F2015PA066508.pdf&usg=AOvVaw3CYEtn8F7fLFM-spnSCx2G",NA,NA,"Pursuit.Diving","Yes","Yes","Fish","No","Puffinus_bailloni","Puffinus",NA,NA,NA,NA,NA,NA,"LC","Full Migrant",46000000,45900000,"Stable","Suspected",NA,NA,NA,NA,NA,NA,NA,NA,NA,NA,NA,NA,NA,NA,NA,NA,NA,NA,NA,NA,NA,NA
22734194,"White-winged Scoter","White-winged Scoter","NA (White-winged Scoter / Melanitta_deglandi - Not recognized by ROTL BirdTree)","NA (White-winged Scoter / Melanitta_deglandi - Not recognized by ROTL BirdTree)","NA (White-winged Scoter / Melanitta_deglandi - Not recognized by ROTL BirdTree)",FALSE,"Meanitta fucsa","BirdTree doesn't recognize the splitting of M. fusca into M. fusca, M. deglandi and M. stejnegeri","ANSERIFORMES","Anatidae","Ducks, geese, swans","R","(Bonaparte, 1850)",1757,"CRC Handbook of Avian Body Masses, Second Edition. CRC Press (2007), (available at https://www.crcpress.com/CRC-Handbook-of-Avian-Body-Masses-Second-Edition/Dunning-Jr/p/book/9781420064445).","white-winged-scoter-melanitta-deglandi","https://www.hbw.com/species/white-winged-scoter-melanitta-deglandi",NA,NA,"Bottom.Feeding","No","Yes","Other.Inverts","No","Melanitta_deglandi","Melanitta",NA,NA,NA,NA,NA,NA,"LC","Full Migrant",4840000,1430000,"Decreasing","Suspected",NA,NA,NA,NA,NA,NA,NA,NA,NA,NA,NA,NA,NA,NA,NA,NA,NA,NA,NA,NA,NA,NA
