"data.sources","Used","Missing_from_Litterbase","Authors","Year","Link.plastic","Title","DOI","CitationMPB"
"Ainley et al. 1990a","PhyloPlas","No","Ainley, D. G., Fraser, W. R., Spear, L. B.",1990,"https://swfsc.noaa.gov/publications/TM/SWFSC/NOAA-TM-NMFS-SWFSC-154_P682.PDF","The incidence of Plastic in the Diets of Antarctic Seabirds","",""
"Ryan 1987","PhyloPlas","No","Ryan, P. G.",1987,"http://www.sciencedirect.com/science/article/pii/0141113687900286","The incidence and characteristics of plastic particles ingested by seabirds","http://dx.doi.org/10.1016/0141-1136(87)90028-6",""
"Day et al. 1984/Day 1980","PhyloPlas","Yes","Day, R. H., Wehle, D. H., Coleman, F. C.",1984,"https://www.st.nmfs.noaa.gov/tm/swfc/swfc054.pdf","Ingestion of plastic pollutants by marine birds","",""
"Avery-Gomm et al. 2013","PhyloPlas","No","Avery-Gomm, S., Provencher, J. F., Morgan, K. H., Bertram, D. F.",2013,"http://www.sciencedirect.com/science/article/pii/S0025326X13002178","Plastic ingestion in marine-associated bird species from the eastern North PacificåÊ","http://dx.doi.org/10.1016/j.marpolbul.2013.04.021",""
"Robards et al. 1995","PhyloPlas","No","Robards, M. D., Piatt, J. F., Wohl, K. D.",1995,"http://www.sciencedirect.com/science/article/pii/0025326X9400121O","Increasing frequency of plastic particles ingested by seabirds in the subarctic North Pacific","http://dx.doi.org/10.1016/0025-326x(94)00121-o",""
"Auman et al. 2004","PhyloPlas","No","Auman, H. J.,  Woehler, E. J., Riddle M. J., Burton H.",2003,"http://citeseerx.ist.psu.edu/viewdoc/download?doi=10.1.1.668.3111&rep=rep1&type=pdf","First evidence of ingestion of plastic debris by seabirds at sub-antarctic Heard Island","",""
"Harper and Fowler 1987","PhyloPlas","No","Harper, P. C., Fowler, J. A.",1987,"http://notornis.osnz.org.nz/system/files/Notornis_34_1.pdf","Plastic pellets in New Zealand storm-killed Prions (Pachyptila spp.) 1958-1977","",""
"Robertson et al. 2004","PhyloPlas","No","Robertson, C. J. R., Bell, E., Scofield, P.",2004,"http://www.doc.govt.nz/Documents/science-and-technical/dsis155.pdf","Autopsy report for seabirds killed and returned from New Zealand fisheries, 1 October 2001 to 30 September 2002","",""
"Furness 1985a","PhyloPlas","No","Furness, R. W.",1985,"http://www.sciencedirect.com/science/article/pii/014314718590131X","Ingestion of plastic particles by seabirds at Gough Island, South Atlantic Ocean","http://dx.doi.org/10.1016/0143-1471(85)90131-X",""
"Petry et al. 2002","PhyloPlas","No","Petry, M. V., Fonseca, V. S.",2002,"http://citeseerx.ist.psu.edu/viewdoc/download?doi=10.1.1.486.3853&rep=rep1&type=pdf","Effects of human activities in the marine environment on seabirds along the coast of Rio Grande do Sul, Brazil","",""
"Acampora et al. 2016","PhyloPlas","Yes","Acampora, H., Lyashevska, O., Van Franeker, J.A., O'Connor, I.",2016,"http://dx.doi.org/10.1016/j.marenvres.2016.08.002."," The use of beached bird surveys for marine plastic litter monitoring in Ireland.","http://dx.doi.org/10.1016/j.marenvres.2016.08.002.",""
"Below 1960","PhyloPlas","No","Below, T. H.",1960,"https://britishbirds.co.uk/wp-content/uploads/article_files/V53/V53_N05/V53_N05_P221_229_N044.pdf","Rubber bands in Puffins stomach","",""
"Harris and Wanless 1994","PhyloPlas","No","Harris, M. P., Wanless, S.",1994,"http://www.sciencedirect.com/science/article/pii/0025326X94901872","Ingested elastic and other artifacts found in puffins in Britain over a 24-year period","http://dx.doi.org/10.1016/0025-326X(94)90187-2",""
"Lydersen et al. 1989","PhyloPlas","No","Lydersen, C., Gjertz, I., Weslawski, J. M.",1989,"https://www.cambridge.org/core/article/div-class-title-stomach-contents-of-autumn-feeding-marine-vertebrates-from-hornsund-svalbard-div/DE47B9E1F70CC7FA933D8313A995910F","Stomach contents of autumn-feeding marine vertebrates from Hornsund, Svalbard","10.1017/S0032247400010408",""
"Parslow and Jefferies 1972","PhyloPlas","No","Parslow, J. L. F., Jefferies, D. J.",1972,"http://www.sciencedirect.com/science/article/pii/0025326X72901427","Elastic thread pollution of puffins","http://dx.doi.org/10.1016/0025-326x(72)90142-7",""
"Provencher et al. 2014","PhyloPlas","Yes","Provencher, J. F., Bond, A. L., Hedd, A., Montevecchi, W. A., Muzaffar, S. B., Courchesne, S. J., Gilchrist, H. G., Jamieson, S. E., Merkel, F. R., Falk, K., Durinck, J., Mallory, M. L.",2014,"http://www.sciencedirect.com/science/article/pii/S0025326X14002707","Prevelance of marine debris in marine birds from the North Atlantic","",""
"Barbieri 2009","PhyloPlas","No","Barbieri, E.",2009,"http://www.scielo.br/pdf/babt/v52n2/11.pdf","Occurrence of plastic particles in procellariiforms, south of SÌ£o Paulo State (Brazil)","10.1590/S1516-89132009000200011",""
"Colabuono & Vooren 2007","PhyloPlas","No","Colabuono, F. I., Vooren, C. M.",2007,"http://www.marineornithology.org/PDF/35_1/35_1_9-20.pdf","Diet of Black-browed Thalassarche melanophrys and Atlantic Yellow-nosed T. Chlororhynchos albatrosses and White-chinned Procellaria aequinoctialis and Spectacled P. conspicillata petrels off Southern Brazil","",""
"Colabuono et al. 2009","PhyloPlas","No","Colabuono, F. I., Barquete, V., Domingues, Beatriz, S., Montone, Rosalinda, C.",2009,"http://www.sciencedirect.com/science/article/pii/S0025326X08004281","Plastic ingestion by Procellariiformes in Southern Brazil","http://dx.doi.org/10.1016/j.marpolbul.2008.08.020",""
"Colabuono et al. 2010","PhyloPlas","No","Colabuono, F. I., Taniguchi, S., Montone, R. C.",2010,"http://www.sciencedirect.com/science/article/pii/S0025326X10000366","Polychlorinated biphenyls and organochlorine pesticides in plastics ingested by seabirds","http://dx.doi.org/10.1016/j.marpolbul.2010.01.018",""
"Jiminez et al. 2015","PhyloPlas","No"," Jimenez, S., Domingo, A., Brazeiro, A., Defeo, O., Phillips, R. A.",2015,"http://www.sciencedirect.com/science/article/pii/S0025326X1500291X","Marine debris ingestion by albatrosses in the southwest Atlantic Ocean","http://dx.doi.org/10.1016/j.marpolbul.2015.05.034",""
"Ryan et al. 2016","PhyloPlas","No","Ryan, P. G., de Bruyn, P. J. N., Bester, M. N.",2016,"http://www.sciencedirect.com/science/article/pii/S0025326X16300273","Regional differences in plastic ingestion among Southern Ocean fur seals and albatrosses","http://dx.doi.org/10.1016/j.marpolbul.2016.01.032",""
"Tavares et al. 2017","PhyloPlas","No ","Tavares, D. C., de Moura, J. F., Merico, A., Siciliano, S.",2017,"https://www.sciencedirect.com/science/article/pii/S0025326X17303053","Incidence of marine debris in seabirds feeding at different water depths","https://doi.org/10.1016/j.marpolbul.2017.04.012","Tavares, D.C., de Moura, J.F., Merico, A., Siciliano, S., 2017. Incidence of marine debris in seabirds feeding at different water depths. Marine Pollution Bulletin 119, 68_73. https://doi.org/10.1016/j.marpolbul.2017.04.012"
"Codina-Garcia et al. 2013","PhyloPlas","No","Codina-Garcia, M., Militao, T., Moreno, J., Gonzalez-Solis, J.",2013,"http://www.sciencedirect.com/science/article/pii/S0025326X13006048","Plastic debris in Mediterranean seabirds","http://dx.doi.org/10.1016/j.marpolbul.2013.10.002",""
"Day et al. 1984","PhyloPlas","Yes","Day, R. H., Wehle, D. H., Coleman, F. C.",1984,"https://www.st.nmfs.noaa.gov/tm/swfc/swfc054.pdf","Ingestion of plastic pollutants by marine birds","",""
"Poon et al. 2017","PhyloPlas","No","Poon, F. E., Provencher, J. F., Mallory, M. L., Braune, B. M., Smith, P. A.",2017,"http://www.sciencedirect.com/science/article/pii/S0025326X1630964X","Levels of ingested debris vary across species in Canadian Arctic seabirds","http://dx.doi.org/10.1016/j.marpolbul.2016.11.051",""
"Day et al. 1984/Harrison et al. 1983","PhyloPlas","Yes","Day, R. H., Wehle, D. H., Coleman, F. C.",1984,"https://www.st.nmfs.noaa.gov/tm/swfc/swfc054.pdf","Ingestion of plastic pollutants by marine birds","",""
"Sileo et al. 1990a","PhyloPlas","No","Sileo, L., Sievert, P. R., Samuel, M. D.",1990,"https://ecos.fws.gov/ServCat/Reference/Profile/23328","Prevalence and Characteristics of Plastic ingested by Hawaiian Seabirds","",""
"Ainley et al. 1990b","PhyloPlas","No","Ainley, D. G., Spear, L. B., Ribic, C. A.",1990,"https://swfsc.noaa.gov/publications/TM/SWFSC/NOAA-TM-NMFS-SWFSC-154_P653.PDF","The incidence of Plastic in the Diets of Pelagic Seabirds in the Eastern Equatorial Pacific Region","",""
"Spear et al. 1995","PhyloPlas","No","Spear, L. B., Ainley, D. G., Ribic, C. A.",1995,"www.sciencedirect.com/science/article/pii/014111369400140K","Incidence of plastic in seabirds from the tropical pacific, 1984‰ÛÒ1991: Relation with distribution of species, sex, age, season, year and body weight","http://dx.doi.org/10.1016/0141-1136(94)00140-K",""
"Petry et al. 2007","PhyloPlas","No","Petry, M. V., Fonseca, V. S. S., Scherer, A. L.",2007,"http://download.springer.com/static/pdf/185/art%253A10.1007%252Fs00300-006-0186-6.pdf?originUrl=http%3A%2F%2Flink.springer.com%2Farticle%2F10.1007%2Fs00300-006-0186-6&token2=exp=1485938136~acl=%2Fstatic%2Fpdf%2F185%2Fart%25253A10.1007%25252Fs00300-006-0186 (...)","Analysis of stomach contents from the black-browed albatross, Thalassarche melanophris, on the Coast of Rio Grande do Sul, Southern Brazil","http://dx.doi.org/10.1007/s00300-006-0186-6",""
"Tourinho et al. 2010","PhyloPlas","No","Tourinho, P. S., Ivar do Sul, J. A., Fillmann, G.",2010,"www.sciencedirect.com/science/article/pii/S0025326X09004548","Is marine debris ingestion still a problem for the coastal marine biota of southern Brazil?","http://dx.doi.org/10.1016/j.marpolbul.2009.10.013",""
"Blight and Burger 1997","PhyloPlas","No","Blight, L. K., Burger, A. E.",1997,"http://www.sciencedirect.com/science/article/pii/S0025326X96000951","Occurrence of plastic particles in seabirds from the eastern North Pacific","http://dx.doi.org/10.1016/S0025-326X(96)00095-1",""
"Conant 1984","PhyloPlas","No","Conant, S. ",1984,"","Man-made debris and marine wildlife in the northwestern Hawaiian Islands. Elepaio (Journal of the Hawaiian Audubon Society) 44: 87-88.","",""
"Gray et al. 2012","PhyloPlas","No","Gray, H., Lattin, G. L., Moore, C. J.",2012,"http://www.sciencedirect.com/science/article/pii/S0025326X12003748","Incidence, mass and variety of plastics ingested by Laysan (Phoebastria immutabilis) and Black-footed Albatrosses (P. nigripes) recovered as by-catch in the North Pacific Ocean","http://dx.doi.org/10.1016/j.marpolbul.2012.07.053",""
"Ogi et al. 1994","PhyloPlas","Yes","Ogi, H., Momose, K., Sato, F., Aba, N. B.",1994,"https://www.jstage.jst.go.jp/article/jyio1952/26/1/26_1_77/_pdf","Plastic particles found in the gizzard of a starved Black-footed Albatross (Diomedea nigripes). Joumal of the Yamashina Institute for Ornithology 26 (1): 77-80.","",""
"Robards 1993","PhyloPlas","Yes","Robards, M. D.",1993,"Plastic ingestion by North Pacific seabirds. ","Plastic ingestion by North Pacific seabirds. ","","Report no. NOAA-43 ABNF203014, U.S. Department of Commerce, Washington, DC"
"Hong et al. 2013","PhyloPlas","No","Hong, S., Lee, J., Jang, Y. C., Kim, Y. J., Kim, H. J., Han, D., Hong, S. H., Kang, D., Shim, W. J.",2013,"http://www.sciencedirect.com/science/article/pii/S0025326X1200519X","Impacts of marine debris on wild animals in the coastal area of Korea","http://dx.doi.org/10.1016/j.marpolbul.2012.10.022",""
"Hong et al. 2013",NA,NA,NA,NA,NA,NA,NA,NA
"Reed 1981","PhyloPlas","No","Reid, S.",1981,"http://notornis.osnz.org.nz/system/files/Notornis_28_4.pdf","Wreck of kerguelen and blue petrels","",""
"Harrison et al. 1983","PhyloPlas","Yes","Harrison, C. S., Hida, T. S., Seki, M. P.",1983,"https://www.jstor.org/stable/pdf/3830593.pdf?seq=1#page_scan_tab_contents"," Hawaiian seabird foraging ecology","",""
"Lavers and Bond 2016b","PhyloPlas","No","Lavers, J. L. and Bond, A. L.",2016,"http://www.sciencedirect.com/science/article/pii/S0141113615300623","Ingested plastic as a route for trace metals in Laysan Albatross (Phoebastria immutabilis) and Bonin Petrel (Pterodroma hypoleuca) from Midway Atoll","",""
"James & Stahl 2000","PhyloPlas","No","James, G. D., Stahl, J.",2000,"https://www.tandfonline.com/doi/pdf/10.1080/00288330.2000.9516946","Diet of southern BullerÕs albatross ( Diomedea bulleri bulleri ) and the importance of fishery discards during chick rearing","https://doi.org/10.1080/00288330.2000.9516946",""
"Creet et al. 1994","PhyloPlas","No","Creet, S., Van Franeker, J. A., Van Spanje, T. M., Wolff, W. J. ",1994,"http://www.marineornithology.org/PDF/22/MO_1994_05.pdf","Diet of the Pintado Petrel Daption Capense at King George Island, Antarctica, 1990/91","",""
"Fijn et al. 2012","PhyloPlas","No","Fijn, R. C., Franeker, J. A., Trathan, P. N.",2012,"http://edepot.wur.nl/242411","Dietary variation in chick-feeding and self-provisioning Cape Petrel Daption capense and Snow Petrel Pagodroma nivea at Signy Island, South Orkney Islands, Antarctica","",""
"Floren and Shugart 2017","PhyloPlas","No","Floren, H. P., Shugart, G. W.",2017,"//www.sciencedirect.com/science/article/pii/S0025326X17301108","Plastic in Cassin's Auklets (Ptychoramphus aleuticus) from the 2014 stranding on the Northeast Pacific Coast","10.1016/j.marpolbul.2017.01.076",""
"English et al. 2015","PhyloPlas","No","English, M. D., Robertson, G. J., Avery-Gomm, S., Pirie-Hay, D., Roul, S., Ryan, P. C., Wilhelm, S. I., Mallory, M. L.",2015,"http://www.sciencedirect.com/science/article/pii/S0025326X15003434","Plastic and metal ingestion in three species of coastal waterfowl wintering in Atlantic Canada","http://dx.doi.org/10.1016/j.marpolbul.2015.05.063",""
"Bond et al. 2013","PhyloPlas","No","Bond, A. L., Provencher, J. F., Elliot, R. D., Ryan, P. C., Rowe, S., Jones, I. L., Robertson, G. J., Wilhelm, S. I.",2013,"http://www.sciencedirect.com/science/article/pii/S0025326X13006073","Ingestion of plastic marine debris by Common and Thick-billed Murres in the northwestern Atlantic from 1985 to 2012","http://dx.doi.org/10.1016/j.marpolbul.2013.10.005",""
"Imber 1996","PhyloPlas","No","Imber, M. J.",1996,"http://www.publish.csiro.au/paper/MU9960189","The Food of Cook's Petrel Pterodroma cookii During Its Breeding Season on Little Barrier Island, New Zealand","http://dx.doi.org/10.1071/MU9960189",""
"Bond et al. 2014","PhyloPlas","No","Bond, A. L., Provencher, J. F., Daoust, P., Lucas, Z. N.",2014,"http://www.sciencedirect.com/science/article/pii/S0025326X14005402","Plastic ingestion by fulmars and shearwaters at Sable Island, Nova Scotia, Canada","http://dx.doi.org/10.1016/j.marpolbul.2014.08.010",""
"Moser and Lee 1992","PhyloPlas","Yes","Moser, M. L., Lee, D. S.",1992,"https://www.jstor.org/stable/1521357","A fourteen years survey of plastic ingestion by western North Atlantic seabirds","",""
"Petry et al. 2009","PhyloPlas","No","Petry, M. V., Kruger, L., da Silva Fonseca, V. S., Brummelhaus, J., da Cruz Piuco, R.",2009,"http://link.springer.com/article/10.1007%2Fs10336-009-0373-7","Diet and ingestion of synthetics by Cory's Shearwater Calonectris diomedea off southern Brazil","http://dx.doi.org/10.1007/s10336-009-0373-7",""
"Rodrigues et al. 2012","PhyloPlas","No","Rodriguez, A., Rodriguez, B., Nazaret Carrasco, M.",2012,"www.sciencedirect.com/science/article/pii/S0025326X1200272X","High prevalence of parental delivery of plastic debris in Cory‰Ûªs shearwaters (Calonectris diomedea)","http://dx.doi.org/10.1016/j.marpolbul.2012.06.011",""
"Bond et al. 2010","PhyloPlas","No","Bond, A. L., Jones, I. L., Williams, J. C., Byrd, G. V.",2010,"http://www.sciencedirect.com/science/article/pii/S0025326X10001876","Auklet (Charadriiformes: Alcidae, Aethia spp.) chick meals from the Aleutian Islands, Alaska, have a very low incidence of plastic marine debris","http://dx.doi.org/10.1016/j.marpolbul.2010.05.001",""
"Furness 1985b","PhyloPlas","No","Furness, R. W.",1985,"http://www.sciencedirect.com/science/article/pii/0025326X85905314","Plastic particle pollution: Accumulation by procellariiform seabirds at Scottish Colonies","http://dx.doi.org/10.1016/0025-326X(85)90531-4",""
"Hutton et al. 2008","PhyloPlas","No","Hutton, I., Carlile, N., Priddel, D.",2008,"http://eprints.utas.edu.au/13162/1/2008_Hutton_plastic_ingestion.pdf","Plastic ingestion by Flesh-footed Shearwaters, Puffinus carneipes, and Wedge-tailed Shearwaters, Puffinus pacificus","",""
"Lavers and Bond 2016a","PhyloPlas","No","Lavers, J. L. and Bond, A. L.",2016,"https://www.researchgate.net/profile/Jennifer_Lavers/publication/283569855_Selectivity_of_flesh-footed_shearwaters_for_plastic_colour_Evidence_for_differential_provisioning_in_adults_and_fledglings/links/59e139ed458515393d534bf9/Selectivity-of-flesh-footed-shearwaters-for-plastic-colour-Evidence-for-differential-provisioning-in-adults-and-fledglings.pdf","Selectivity of flesh-footed shearwaters for plastic colour: evidence for differential provisioning in adults and fledglings","",""
"Lavers et al. 2014","PhyloPlas","No","Lavers, J. L., Bond, A. L., Hutton, I.",2014,"http://www.sciencedirect.com/science/article/pii/S0269749113006532","Plastic ingestion by Flesh-footed Shearwaters (Puffinus carneipes): Implications for fledgling body condition and the accumulation of plastic-derived chemicals","http://dx.doi.org/10.1016/j.envpol.2013.12.020",""
"Baltz and Morejohn 1976","PhyloPlas","No","Baltz, D. M., Morejohn, G. V.",1976,"http://biodiversitylibrary.org/page/51564646","Evidence from seabirds of plastic particle pollution off central California","",""
"Lindborg et al. 2012","PhyloPlas","No","Lindborg, V. A., Ledbetter, J. F., Walat, J. M., Moffett, C.",2012,"http://www.sciencedirect.com/science/article/pii/S0025326X12004201","Plastic consumption and diet of Glaucous-winged Gulls (Larus glaucescens)","http://dx.doi.org/10.1016/j.marpolbul.2012.08.020",""
"Seif et al. 2017","PhyloPlas","No","Seif, S., Provencher, J. F., Avery-Gomm, S., Daoust, P.-Y., Mallory, M. L., Smith, P. A.",2017,"http://link.springer.com/10.1007/s00244-017-0492-8","Plastic and Non-plastic Debris Ingestion in Three Gull Species Feeding in an Urban Landfill Environment","",""
"Acampora et al. 2017a","PhyloPlas","Yes","Acampora, H., Berrow, S., Newton, S., O'Connor, I.",2017,"http://www.sciencedirect.com/science/article/pii/S0025326X17301303","Presence of plastic litter in pellets from Great Cormorant (Phalacrocorax carbo) in Ireland","http://dx.doi.org/10.1016/j.marpolbul.2017.02.015",""
"Nicastro et al. 2018","PhyloPlas","Yes","Nicastroa, K. R., Saviob R. L., McQuaidc, C. D.,  Madeiraa, P., Valbusab, U.,  Azevedod, F., Caserod, M., Lourenc_oc, C.,  Zardic, G. I.",2018,"https://ac.els-cdn.com/S0025326X1731007X/1-s2.0-S0025326X1731007X-main.pdf?_tid=8959c51a-08ba-41d0-9182-0dd1c72eb278&acdnat=1520672732_8910cd2956edd8c965ceab15e3ce510a","Plastic ingestion in aquatic-associated bird species in southern Portugal ","",""
"Bourne 1976","PhyloPlas","Yes","Bourne, W. R. P.",1976,"In: Bond et al. 2014 & Day et al 1984","Seabirds and pollution","",""
"Brown et al. 1981","PhyloPlas","Yes","Brown, R. G. B., Usanp. Barkerd, Gaskin, E., Sandeman, M. ",1981,"https://onlinelibrary.wiley.com/doi/abs/10.1111/j.1474-919X.1981.tb00169.x","The foods of Great and Sooty Shearwaters Puffinus Gravis and P. Griseus in Eastern Canadian Waters","",""
"Furness 1983","PhyloPlas","No","Furness, B. L.",1983,"http://www.sciencedirect.com/science/article/pii/0025326X83905416","Plastic particles in three procellariiform seabirds from the Benguela Current, South Africa","http://dx.doi.org/10.1016/0025-326X(83)90541-6",""
"Haman et al. 2013","PhyloPlas","No","Haman, K.H., Ronconi, R. A., Nemeth, N. M., Thomas, A. C., Courchesne, S. J., Segars, A., Keel, M. K.",2013,"http://www.jwildlifedis.org/doi/10.7589/2012-04-119","Great Shearwater (Puffinus gravis) mortality events along the Eastern coast of the United States","","Journal of Wildlife Diseases 49: 235-245"
"Randall et al. 1983","PhyloPlas","No","Randall, B., Randall, R., Roussow, G.",1983,"","Plastic particle pollution in great shearwaters (Puffinis gravie) from Gough Island","",""
"Hammer et al. 2016","PhyloPlas","No","Hammer, S., Nager, R. G., Johnson, P. C. D., Furness, R. W., Provencher, J. F.",2016,"http://www.sciencedirect.com/science/article/pii/S0025326X15302216","Plastic debris in great skua (Stercorarius skua) pellets corresponds to seabird prey species","http://dx.doi.org/10.1016/j.marpolbul.2015.12.018",""
"Ryan and Fraser 1988","PhyloPlas","No","Ryan, P. G., Fraser, M. W.",1988,"http://www.tandfonline.com/doi/abs/10.1071/MU9880016","The Use of Great Skua Pellets as Indicators of Plastic Pollution in Seabirds","10.1071/MU9880016",""
"Nel et al. 2000","PhyloPlas","No","Nel, D. C., Nel, J. L., Ryan, P. G., Klages, N. T. W., Wilson, R. P., Robertson, G.",2000,"http://www.sciencedirect.com/science/article/pii/S0006320700000720","Foraging ecology of grey-headed mollymawks at Marion Island, southern Indian Ocean, in relation to longline fishing activity","http://doi.org/10.1016/S0006-3207(00)00072-0",""
"Imber et al. 1995","PhyloPlas","No","Imber, M. J., Jolly, J. N., Brooke, M. de L.",1995,"http://onlinelibrary.wiley.com/doi/10.1111/j.1095-8312.1995.tb01087.x/pdf","Food of three sympatric gadfly petrels (Pterodroma spp.) breeding on the Pitcairn Islands","http://dx.doi.org/10.1111/j.1095-8312.1995.tb01087.x",""
"Auman et al. 1997","PhyloPlas","No","Auman, H. J., Ludwig, J. P., Giesy, J. P., Colborn, T. ",1997,"http://www.usask.ca/toxicology/jgiesy/pdf/publications/BC-060.pdf","Plastic Ingestion by Laysan Albatross chicks on Sand Island, Midway Atoll, in 1994 and 1995","",""
"Day et al. 1984 (Fefer pers comm)","PhyloPlas","Yes","Day, R. H., Wehle, D. H., Coleman, F. C.",1984,"https://www.st.nmfs.noaa.gov/tm/swfc/swfc054.pdf","Ingestion of plastic pollutants by marine birds","",""
"Fry et al. 1987","PhyloPlas","No","Fry, D. M., Fefer, S. I., Sileo, L.",1987,"http://www.sciencedirect.com/science/article/pii/S0025326X8780022X ","Ingestion of plastic debris by Laysan Albatrosses and Wedge-tailed Shearwaters in the Hawaiian Islands","http://dx.doi.org/10.1016/S0025-326X(87)80022-X",""
"Kenyon and Kridler 1969","PhyloPlas","No","Kenyon, K. W., Kridler, E.",1969,"https://sora.unm.edu/sites/default/files/journals/auk/v086n02/p0339-p0343.pdf","Laysan Albatrosses swallow indigestible matter","",""
"Kuramochi et al. 2011","PhyloPlas","Yes","Kuramochi, T., A. Kuramochi, I. Kawashima, H. Ono, and Y. Suzuki.",2011,"","Artifacts found in the gizzard of Phoebastria immutabilis washed ashore on the coast of Sagami Bay, central Japan. ","",""
"Pettit et al. 1981","PhyloPlas","No","Pettit, T. N., Grant, G. S., Whittow, G. C.",1981,"https://sora.unm.edu/sites/default/files/journals/auk/v098n04/p0839-p0841.pdf","Ingestion of plastics by Laysan albatross","",""
"Sileo et al. 1990b","PhyloPlas","No","Sileo, L., Sievert, P. R., Samuel, M. D.",1990,"http://www.jwildlifedis.org/doi/abs/10.7589/0090-3558-26.3.329","Causes of Mortality of Albatross Chicks at Midway Atoll","10.7589/0090-3558-26.3.329",""
"Young et al. 2009","PhyloPlas","No","Young, L. C., Vanderlip, C., Duffy, D. C., Afanasyev, V., Shaffer, S. A.",2009,"http://dx.doi.org/10.1371%2Fjournal.pone.0007623","Bringing Home the Trash: Do Colony-Based Differences in Foraging Distribution Lead to Increased Plastic Ingestion in Laysan Albatrosses?","10.1371/journal.pone.0007623",""
"Bond and Lavers 2013","PhyloPlas","No","Bond, A. L., Lavers, J. L.",2013,"http://www.sciencedirect.com/science/article/pii/S0025326X13001100","Effectiveness of emetics to study plastic ingestion by Leach‰Ûªs Storm-petrels (Oceanodroma leucorhoa)","http://dx.doi.org/10.1016/j.marpolbul.2013.02.030",""
"Day 1980","PhyloPlas","Yes","Day, R. H., ",1980,"https://scholarworks.alaska.edu/handle/11122/7361","The occurrence and characteristics of plastic pollution in AlaskaÕs marine birds. University of Alaska, Fairbanks, Alaska.","",""
"Day et al. 1984/Rothstein 1973","PhyloPlas","Yes","Day, R. H., Wehle, D. H., Coleman, F. C.",1984,"https://www.st.nmfs.noaa.gov/tm/swfc/swfc054.pdf","Ingestion of plastic pollutants by marine birds","",""
"Hedd et al. 2009","PhyloPlas","No","Hedd, A., Montevecchi, W. A., Davoren, G. K., Fifield, D. A.",2009,"http://www.nrcresearchpress.com/doi/10.1139/Z09-060","Diets and distributions of LeachÕs storm-petrel (Oceanodroma leucorhoa) before and after an ecosystem shift in the Northwest Atlantic","",""
"Rothstein 1973","PhyloPlas","No","Rothstein, S. I.",1973,"https://sora.unm.edu/sites/default/files/journals/condor/v075n03/p0344-p0345.pdf","Plastic particle pollution of the surface of the Atlantic Ocean: evidence from a seabird","",""
"Watanuki 1985","PhyloPlas","Yes","Watanuki, Y.",1985,"https://sora.unm.edu/sites/default/files/journals/auk/v102n04/p0884-p0886.pdf","Food of Breeding LeachÕs Storm-Petrels (Oceanodroma leucorhoa)","",""
"Cooper and Klages 1995","PhyloPlas","Yes","Cooper, J., Klages, N. T.",1995,"https://www.cambridge.org/core/journals/antarctic-science/article/the-diets-and-dietary-segregation-of-sooty-albatrosses-phoebetria-spp-at-subantarctic-marion-island/0BE57A913B8BA327354C1A6544D9D0B2","The diets and dietary segregation of sooty albatrosses (Phoebetria spp.)  at subantarctic Marion Island.","",""
"Amelineau et al. 2016","PhyloPlas","No","Amelineau, F., Bonnet, D., Heitz, O., Mortreux, V., Harding, A. M. A., Karnovsky, N., Walkusz, W., Fort, J., Gremillet, D.",2016,"http://www.sciencedirect.com/science/article/pii/S0269749116311848","Microplastic pollution in the Greenland Sea: Background levels and selective contamination of planktivorous diving seabirds","http://dx.doi.org/10.1016/j.envpol.2016.09.017",""
"Avery-Gomm et al. 2016","PhyloPlas","No","Avery-Gomm, S., Valliant, M., Schacter, C. R., Robbins, K. F., Liboiron, M., Daoust, P. Y., Rios, L. M., Jones, I. L.",2016,"http://www.sciencedirect.com/science/article/pii/S0025326X16306956","A study of wrecked Dovekies (Alle alle) in the western North Atlantic highlights the importance of using standardized methods to quantify plastic ingestion","10.1016/j.marpolbul.2016.08.062",""
"Fife et al. 2015","PhyloPlas","No","Fife, D. T., Robertson, G. J., Shutler, D., Braune, B. M., Mallory, M. L.",2015,"http://www.sciencedirect.com/science/article/pii/S0025326X14007826","Trace elements and ingested plastic debris in wintering dovekies (Alle alle)","http://dx.doi.org/10.1016/j.marpolbul.2014.11.029",""
"Brandao et al. 2011","PhyloPlas","No","Brandao, M. L., Braga, K. M., Luque, J. L.",2011,"http://www.sciencedirect.com/science/article/pii/S0025326X11003997","Marine debris ingestion by Magellanic penguins, Spheniscus magellanicus (Aves: Sphenisciformes), from the Brazilian coastal zone","http://dx.doi.org/10.1016/j.marpolbul.2011.07.016",""
"Pinto et al. 2006","PhyloPlas","No","Pinto, M. B. L. C., Siciliano, S., Di Benedite, M.",2006,"http://www.uenf.br/Uenf/Downloads/pgecologia_5733_1217600012.pdf","Stomach contents of the Magellanic penguin Spheniscus magellanicus from the northern distribution limit on the Atlantic coast of Brazil","",""
"Lavers pers. obs.","PhyloPlas","No","Lavers, J. L.",2014,NA,"pers comm","",""
"Garcia-Godos et al. 2002","PhyloPlas","No","Garcia-Godos, I., Goya, E., Jahncke, J.",2002,"http://citeseerx.ist.psu.edu/viewdoc/download?doi=10.1.1.669.5210&rep=rep1&type=pdf","The diet of Markham's Storm Petrel Oceanodroma markhami on the central coast of Peru","",""
"Mariano and Targino 2012","PhyloPlas","No","Mariano, E. D. F., Targino, C. H.",2012,"https://periodicos.ufsc.br/index.php/biotemas/article/view/2175-7925.2012v25n4p285/23308","Plastic ingestion by Masked booby, Sula dactylatra Lesson 1831, on Biological Reserce of Rocas Atoll, RN, Brazil","",""
"Kain et al. 2016","PhyloPlas","No","Kain, E. C., Lavers, J. L., Berg, C. J., Raine, A. F., Bond, A. L",2016,"http://link.springer.com/article/10.1007/s11356-016-7613-1","Plastic ingestion by NewellÕs (Puffinus newelli) and wedge-tailed shearwaters (Ardenna pacifica) in Hawaii","",""
"Avery-Gomm et al. 2012","PhyloPlas","No","Avery-Gomm, S., O'Hara, P. D., Kleine, L., Bowes, V., Wilson, L. K., Barry, K. L.",2012,"http://www.sciencedirect.com/science/article/pii/S0025326X12001828","Northern fulmars as biological monitors of trends of plastic pollution in the eastern North Pacific","http://dx.doi.org/10.1016/j.marpolbul.2012.04.017",""
"Avery-Gomm et al. 2018","PhyloPlas","No","Avery-Gomm, S., Provencher, J. F., Liboiron, M., Poon, F. E., Smith, P.A.,  ",2018,"http://linkinghub.elsevier.com/retrieve/pii/S0025326X17308020","Plastic pollution in the Labrador Sea: An assessment using the seabird northern fulmar Fulmarus glacialis as a biological monitoring species","https://doi.org/10.1016/j.marpolbul.2017.10.001",""
"Donnelly-Greenan et al. 2014","PhyloPlas","No","Donnelly-Greenan, E. L., Harvey, J. T., Nevins, H. M., Hester, M. M., Walker, W. A.",2014,"http://www.sciencedirect.com/science/article/pii/S0025326X14003373","Prey and plastic ingestion of Pacific Northern Fulmars (Fulmarus glacialis rogersii) from Monterey Bay, California","http://dx.doi.org/10.1016/j.marpolbul.2014.05.046",""
"Kuhn and van Franeker 2012","PhyloPlas","No","Kuhn, S., van Franeker, J. A.",2012,"http://www.sciencedirect.com/science/article/pii/S0025326X12001051","Plastic ingestion by the northern fulmar (Fulmarus glacialis) in Iceland","10.1016/j.marpolbul.2012.02.027",""
"Mallory 2008","PhyloPlas","No","Mallory, M. L.",2008,"http://www.sciencedirect.com/science/article/pii/S0025326X08002099","Marine plastic debris in northern fulmars from the Canadian high Arctic","http://dx.doi.org/10.1016/j.marpolbul.2008.04.017",""
"Mallory et al. 2006","PhyloPlas","No","Mallory, M. L., Roberston, G. J., Moenting, A.",2006,"http://www.sciencedirect.com/science/article/pii/S0025326X0600138X","Marine plastic debris in northern fulmars from Davis Strait, Nunavut, Canada","http://dx.doi.org/10.1016/j.marpolbul.2006.04.005",""
"Nevins et al. 2005","PhyloPlas","No","Nevins, H., Hyrenbach, D., Keiper, C., Stock, J., Hester, M., Harvey, J.",2005,"http://www.oikonos.org/papers/Nevins_etal_2005.pdf","Seabirds as indicators of plastic pollution in the North Pacific. Paper for Plastic Debris Rivers to Sea Conference. ","",""
"Provencher et al. 2009","PhyloPlas","No","Provencher, J. F., Gaston, A. J., Mallory, M. L.",2009,"http://www.sciencedirect.com/science/article/pii/S0025326X09001416","Evidence for increased ingestion of plastics by northern fulmars (Fulmarus glacialis) in the Canadian Arctic","http://dx.doi.org/10.1016/j.marpolbul.2009.04.002",""
"Terepocki et al. 2017","PhyloPlas","No","Terepocki, A. K., Brush, A. T., Kleine, L. U., Shugart, G. W., Hodum, P.",2017,"http://www.sciencedirect.com/science/article/pii/S0025326X16310682","Size and dynamics of microplastic in gastrointestinal tracts of Northern Fulmars (Fulmarus glacialis) and Sooty Shearwaters (Ardenna grisea)","http://dx.doi.org/10.1016/j.marpolbul.2016.12.064",""
"Trevail et al. 2015","PhyloPlas","No","Trevail, A. M., Gabrielsen, G. W., Kuhn, S., Van Franeker, J. A.",2015,"http://link.springer.com/article/10.1007%2Fs00300-015-1657-4","Elevated levels of ingested plastic in a high Arctic seabird, the northern fulmar (Fulmarus glacialis)","http://dx.doi.org/10.1007/s00300-015-1657-4",""
"van Franeker 1983","PhyloPlas","Yes","van Franeker, J. A.",1983,"","","",""
"van Franeker and Camphuysen 1984","PhyloPlas","Yes","van Franeker, J. A. and Camphuysen, C. J. ",1984,"","","",""
"van Franeker and The SNS Fulmar Study Group 2013","PhyloPlas","Yes","",2013,"https://www.sciencedirect.com/science/refhub/S0269-7491(15)00110-4/sref62","","",""
"van Franeker et al. 2011","PhyloPlas","No","van Franeker, J. A., Blaize, C., Danielsen, J.,Fairclough, K., Gollan, J., Guse, N., Hansen, P., Heubeck, M., Jensen, J., Le Guillou, G., Olsen, B., Olsen, K., Pedersen, J., Stienen, E. W. M., Turner, D. M.",2011,"http://www.sciencedirect.com/science/article/pii/S0269749111003344","Monitoring plastic ingestion by the northern fulmar Fulmarus glacialis in the North Sea","http://dx.doi.org/10.1016/j.envpol.2011.06.008",""
"Pierce et al. 2004","PhyloPlas","No","Pierce, K. E., Harris, R. J., Larned, L. S., Pokras, M. A.",2004,"http://marineornithology.org/PDF/32_2/32_2_187-189.pdf","Obstruction and starvation associated with plastic ingestion in a Northern Gannet Morus bassanus and a Greater Shearwater Puffinus gravis","",""
"Bester et al. 2010","PhyloPlas","No","Bester, A. J., Priddel, D., Klomp, N. I.",2010,"http://www.marineornithology.org/PDF/39_2/39_2_163-172.pdf","Diet and foraging behaviour of the Providence petrel Pterodroma solandri","",""
"Day et al. 1984/Connors and Smith 82","PhyloPlas","Yes","Day, R. H., Wehle, D. H., Coleman, F. C.",1984,"https://www.st.nmfs.noaa.gov/tm/swfc/swfc054.pdf","Ingestion of plastic pollutants by marine birds","",""
"Acampora et al. 2014","PhyloPlas","No","Acampora, H., Schuyler, Q. A., Townsend, K. A., Hardesty, B. D.",2014,"http://www.sciencedirect.com/science/article/pii/S0025326X13007108","Comparing plastic ingestion in juvenile and adult stranded short-tailed shearwaters (Puffinus tenuirostris) in eastern Australia","http://dx.doi.org/10.1016/j.marpolbul.2013.11.009",""
"Carey 2011","PhyloPlas","No","Carey, M. J.",2011,"http://www.publish.csiro.au/paper/MU10085","Intergenerational transfer of plastic debris by Short-tailed Shearwaters (Ardenna tenuirostris)","http://dx.doi.org/10.1071/MU10085",""
"Day et al. 1984/Baltz and Morejohn 76","PhyloPlas","Yes","Day, R. H., Wehle, D. H., Coleman, F. C.",1984,"https://www.st.nmfs.noaa.gov/tm/swfc/swfc054.pdf","Ingestion of plastic pollutants by marine birds","",""
"Ogi 1989","PhyloPlas","No","Ogi, H.",1989,"https://swfsc.noaa.gov/publications/TM/SWFSC/NOAA-TM-NMFS-SWFSC-154_P635.PDF","Ingestion of plastic particles by sooty and short-tailed shearwaters in the North Pacific","",""
"Tanaka et al. 2013","PhyloPlas","No","Tanaka, K., Takada, H., Yamashita, R., Mizukawa, K., Fukuwaka, M., Watanuki, Y.",2013,"http://www.sciencedirect.com/science/article/pii/S0025326X12005942","Accumulation of plastic-derived chemicals in tissues of seabirds ingesting marine plastics","http://dx.doi.org/10.1016/j.marpolbul.2012.12.010",""
"Vlietstra & Parga 2002","PhyloPlas","No","Vliestra, L. S., Parga, J. A.",2002,"www.sciencedirect.com/science/article/pii/S0025326X02001303","Long-term changes in the type, but not amount, of ingested plastic particles in short-tailed shearwaters in the southeastern Bering Sea","http://dx.doi.org/10.1016/S0025-326X(02)00130-3",""
"Hedd and Gales 2001","PhyloPlas","No","Hedd, A., Gales, R.",2001,"http://onlinelibrary.wiley.com/doi/10.1017/S0952836901000073/abstract","The diet of shy albatrosses (Thalassarche cauta) at Albatross Island, Tasmania","http://dx.doi.org/10.1017/S0952836901000073",""
"Copello & Quintana 2003","PhyloPlas","No","Copello, S., Quintana, F.",2003,"www.sciencedirect.com/science/article/pii/S0025326X03003126","Marine debris ingestion by Southern Giant Petrels and its potential relationships with fisheries in the Southern Atlantic Ocean","http://dx.doi.org/10.1016/S0025-326X(03)00312-6",""
"Nel et al. 1999","PhyloPlas","No","Nel, D. C., Nel, J. L.",1999,"https://www.ccamlr.org/en/publications/science_journal/ccamlr-science-volume-6/ccamlr-science-volume-685-96","Marine debris and fishing gear associated with seabirds at sub-Antarctic Marion island, 1996/97 and 1997/98: in relation to longline fishing activity","",""
"Provencher et al. 2010","PhyloPlas","No","Provencher, J. F., Gaston, A. J., Mallory, M. L., O'Hara, P. D., Gilchrist, H.",2010,"http://www.sciencedirect.com/science/article/pii/S0025326X10002183","Ingested plastic in a diving seabird, the thick-billed murre (Uria lomvia), in the eastern Canadian Arctic","http://dx.doi.org/10.1016/j.marpolbul.2010.05.017",""
"Youngren et al. 2018","PhyloPlas","Yes","Youngrena, S. M., Rappa, D. C., Hyrenbacha, D. K.",2018,"https://ac.els-cdn.com/S0025326X1830064X/1-s2.0-S0025326X1830064X-main.pdf?_tid=93c9c4f3-a4ab-4953-ad37-4b9499624417&acdnat=1520672729_f4e7c5bfda86d2653cb92aa616c14ab5","Plastic ingestion by Tristram's Storm-petrel (Oceanodroma tristrami) chicks from French frigate shoals, Northwestern Hawaiian Islands ","",""
"Cherl et al. 2017","PhyloPlas","No","Cherel, Y., Xavier, J.C., de Grissac, S., Trouve, C., Weimerskirch, H.",2017,"http://www.int-res.com/abstracts/meps/v565/p197-215/","Feeding ecology, isotopic niche, and ingestion of fishery-related items of the wandering albatross Diomedea exulans at Kerguelen and Crozet Islands","10.3354/meps11994",""
"Cooper et al. 1992","PhyloPlas","No","Cooper, J., Henley, S. R., Klages, N. T. W.",1992,"http://download.springer.com/static/pdf/310/art%253A10.1007%252FBF00238186.pdf?originUrl=http%3A%2F%2Flink.springer.com%2Farticle%2F10.1007%2FBF00238186&token2=exp=1491568992~acl=%2Fstatic%2Fpdf%2F310%2Fart%25253A10.1007%25252FBF00238186.pdf%3ForiginUrl%3D (...)","The diet of the Wandering Albatross Diomedea exulans at Subantarctic Marion Island","http://dx.doi.org/10.1007/BF00238186",""
"Anderson et al. 2008","PhyloPlas","No","Anderson, D. J., Huyvaert, K. P., Awkerman, J. A., Proano. B., Milstead, W. B., Jimenez-Uzcategui, G., Cruz, S., Grace, J. K.",2008,"http://www.int-res.com/abstracts/esr/v5/n2-3/p185-192/","Population status of the Critically Endangered waved albatross Phoebastria irrorata, 1999 to 2007","https://doi.org/10.3354/esr00089 ",""
"Hardesty et al. 2014","PhyloPlas","No","Hardesty, B. D., Holdsworth, D., Revill, A. T., Wilcox, C.",NA,"http://doi.wiley.com/10.1111/2041-210X.12277","A biochemical approach for identifying plastics exposure in live wildlife","10.1111/2041-210X.12277",""
"Verlis et al. 2013","PhyloPlas","No","Verlis, K. M., Campbell, M. L., Wilson, S. P.",2013,"http://www.sciencedirect.com/science/article/pii/S0025326X13001574","Ingestion of marine debris plastic by the wedge-tailed shearwater Ardenna pacifica in the Great Barrier Reef, Australia","http://dx.doi.org/10.1016/j.marpolbul.2013.03.017",""
"Petry et al. 2017","PhyloPlas","No","Petry, M. V., Benemann, V. R. F.",2017,"https://www.researchgate.net/profile/Victoria_Benemann3/publication/313281880_Ingestion_of_marine_debris_by_the_White-chinned_Petrel_Procellaria_aequinoctialis_Is_it_increasing_over_time_off_southern_Brazil/links/58f6158c0f7e9be373ba84ca/Ingestion-of-marine-debris-by-the-White-chinned-Petrel-Procellaria-aequinoctialis-Is-it-increasing-over-time-off-southern-Brazil.pdf","Ingestion of marine debris by the White-chinned Petrel (Procellaria aequinoctialis): Is it increasing over time off southern Brazil?","10.1016/j.marpolbul.2017.01.073",""
"Furtado et al. 2016","PhyloPlas","No","Furtado, R., Menezes, D., Santos, C. J., Catry, P.",2016,"http://www.sciencedirect.com/science/article/pii/S0025326X16306646","White-faced storm-petrels Pelagodroma marina predated by gulls as biological monitors of plastic pollution in the pelagic subtropical Northeast Atlantic","10.1016/j.marpolbul.2016.08.031",""
"Hyrenbach et al. 2013","PhyloPlas","No","Hyrenbach, K. D., Hester, M. M., Johnson, J. A., Lyday, S., Bingham, S., Pawloski, J.",2013,"http://www.marineornithology.org/PDF/41_2/41_2_167-169.pdf","First evidence of plastic ingestion by White-tailed Tropicbirds from Oahu, Hawaii","",""
"Croxall et al. 1988","PhyloPlas","No","Croxall, J. P., Hill, H. J., Lidstone-Scott, R., O'Connell, M. J., Prince, P. A.",1988,"http://onlinelibrary.wiley.com/doi/10.1111/j.1469-7998.1988.tb02417.x/abstract","Food and feeding ecology of Wilson's storm petrel Oceanites oceanicus at South Georgia","10.1111/j.1469-7998.1988.tb02417.x",""
"Hocken 2005","PhyloPlas","No","Hocken, A. G.",2005,"https://doi.org/10.1080/03014223.2005.9518391","Necropsy findings in yellow_eyed penguins (Megadyptes antipodes) from Otago, New Zealand","10.1080/03014223.2005.9518391",""
"Roman et al. 2016","PhyloPlas","No","Roman, L., Schuyler, Q. A., Hardesty, B. D., Townsend, K. A.",2016,"http://dx.doi.org/10.1371%2Fjournal.pone.0158343","Anthropogenic Debris Ingestion by Avifauna in Eastern Australia","10.1371/journal.pone.0158343",""
"Roman et al. 2019",NA,NA,NA,NA,NA,NA,NA,NA
"van Franeker and Bell 1988","NOT USED YET","No","van Franeker, J. A. Bell, P. J.",1988,"http://www.sciencedirect.com/science/article/pii/0025326X88903888","Plastic ingestion by petrels breeding in Antarctica","http://dx.doi.org/10.1016/0025-326X(88)90388-8",""
