"SISRecID_BLVr9","Common.name_BirdTree","TipLabel_BirdTree","BLFamilyEnglish","BLFamilyLatin","Order","Date_Decade","Age.Class","Diet","Feeding.Method","mean.FO","lower.HPDinterval","upper.HPDinterval","interval","HPDinterval_category","sampled","sample.size","emp.meanFO","emp.sdFO","minFO","maxFO","rangeFO","Order.title","small.sample","priority.highFO.lowN","X2016.IUCN.Red.List.category","Body.Mass.g","Nocturnal.Foraging","Opportunistic.Inferred","DMS.responsive_Dell.Ariccia"
22697758,"Adelie Penguin","Pygoscelis_adeliae","Penguins","Spheniscidae","Sphenisciformes","2010s","A","Crustaceans","Pursuit.Diving",0.26,0.001,0.993,0.99,"> 0.5","Yes",110,0,0,0,0,"0 - 0","Sphenisciformes","> 50","No","LC",4850,"No","No",NA
22697810,"African Penguin","Spheniscus_demersus","Penguins","Spheniscidae","Sphenisciformes","2010s","A","Fish","Pursuit.Diving",0.514,0.001,1.001,1,"> 0.5","Yes",210,0,NA,0,0,"0 - 0","Sphenisciformes","> 50","No","EN",3135,"No","No","Y"
22694716,"Aleutian Tern","Sterna_aleutica","Gulls, terns, skimmers","Laridae","Charadriiformes","2010s","A","Fish","Dipping",0.475,0.001,1,1,"> 0.5","Yes",8,0,NA,0,0,"0 - 0","Charadriiformes","< 50","No","LC",120,"No","No",NA
22694896,"Ancient Murrelet","Synthliboramphus_antiquus","Auks","Alcidae","Charadriiformes","2010s","A","Crustaceans","Pursuit.Diving",0.39,0.001,1,1,"> 0.5","Yes",89,0,0,0,0,"0 - 0","Charadriiformes","> 50","No","LC",207,"No","No",NA
22697875,"Antarctic Petrel","Thalassoica_antarctica","Petrels, shearwaters","Procellariidae","Procellariiformes","2010s","A","Crustaceans","Surface.Seizing",0.569,0.002,1.001,1,"> 0.5","Yes",226,0.155,0.373,0,1,"1 - 0","Procellariiformes","> 50","No","LC",708.5,"No","No",NA
22698114,"Antarctic Prion","Pachyptila_desolata","Petrels, shearwaters","Procellariidae","Procellariiformes","2010s","A","Crustaceans","Skimming",0.361,0.001,1,1,"> 0.5","Yes",146,0.705,0.432,0,1,"1 - 0","Procellariiformes","> 50","No","LC",147,"Yes","No","Y"
22694635,"Antarctic Tern","Sterna_vittata","Gulls, terns, skimmers","Laridae","Charadriiformes","2010s","A","Fish","Surface.Plunging",0.438,0.001,1,1,"> 0.5","Yes",21,0,0,0,0,"0 - 0","Charadriiformes","< 50","No","LC",139,"No","Yes",NA
22728318,"Antipodean Albatross","Diomedea_antipodensis","Albatrosses","Diomedeidae","Procellariiformes","2010s","A","Cephalopods","Surface.Seizing",0.502,0.001,1,1,"> 0.5","Yes",5,0.125,0.25,0,0.5,"0.5 - 0","Procellariiformes","< 50","No","VU",6650,"Yes","No",NA
22694629,"Arctic Tern","Sterna_paradisaea","Gulls, terns, skimmers","Laridae","Charadriiformes","2010s","A","Fish","Surface.Plunging",0.297,0.001,0.995,0.99,"> 0.5","Yes",66,0,0,0,0,"0 - 0","Charadriiformes","> 50","No","LC",110,"No","No",NA
22698084,"Atlantic Petrel","Pterodroma_incerta","Petrels, shearwaters","Procellariidae","Procellariiformes","2010s","A","Cephalopods","Surface.Seizing",0.281,0.001,0.991,0.99,"> 0.5","Yes",37,0.059,0.052,0,0.1,"0.1 - 0","Procellariiformes","< 50","No","EN",520,"Yes","No",NA
22694927,"Atlantic Puffin","Fratercula_arctica","Auks","Alcidae","Charadriiformes","2010s","A","Fish","Pursuit.Diving",0.119,0.001,0.852,0.85,"> 0.5","Yes",393,0.313,0.41,0,1,"1 - 0","Charadriiformes","> 50","No","VU",923,"Yes","No",NA
22698425,"Atlantic Yellow-nosed Albatross","Thalassarche_chlororhynchos","Albatrosses","Diomedeidae","Procellariiformes","2010s","A","Cephalopods","Surface.Seizing",0.366,0.001,0.997,1,"> 0.5","Yes",203,0.14,0.218,0,0.67,"0.67 - 0","Procellariiformes","> 50","No","EN",2130,"Yes","No",NA
22694313,"Audouin's Gull","Larus_audouinii","Gulls, terns, skimmers","Laridae","Charadriiformes","2010s","A","Fish","Dipping",0.517,0.002,1.001,1,"> 0.5","Yes",15,0.13,NA,0.13,0.13,"0.13 - 0.13","Charadriiformes","< 50","No","LC",675,"Yes","Yes",NA
22728432,"Balearic Shearwater","Puffinus_mauretanicus","Petrels, shearwaters","Procellariidae","Procellariiformes","2010s","A","Fish","Pursuit.Plunging",0.773,0.114,1.001,0.89,"> 0.5","Yes",46,0.7,NA,0.7,0.7,"0.7 - 0.7","Procellariiformes","< 50","Yes","CR",518.5,"No","No",NA
22696766,"Bank Cormorant","Phalacrocorax_neglectus","Cormorants","Phalacrocoracidae","Suliformes","2010s","A","Fish","Pursuit.Diving",0.235,0.001,0.923,0.92,"> 0.5","Yes",167,0.006,NA,0.006,0.006,"0.006 - 0.006","Suliformes","> 50","No","EN",1950.5,"No","No",NA
22680459,"Barrow's Goldeneye","Bucephala_islandica","Ducks, geese, swans","Anatidae","Anseriformes","2010s","A","Crustaceans","Bottom.Feeding",0.249,0.001,0.959,0.96,"> 0.5","Yes",19,0,0,0,0,"0 - 0","Anseriformes","< 50","No","LC",1020.25,"No","No",NA
22694861,"Black Guillemot","Cepphus_grylle","Auks","Alcidae","Charadriiformes","2010s","A","Fish","Bottom.Feeding",0.328,0.001,0.984,0.98,"> 0.5","Yes",24,0,0,0,0,"0 - 0","Charadriiformes","< 50","No","LC",452.5,"No","No",NA
22694799,"Black Noddy","Anous_minutus","Gulls, terns, skimmers","Laridae","Charadriiformes","2010s","A","Fish","Dipping",0.679,0.082,1.001,0.92,"> 0.5","Yes",529,0.015,0.021,0,0.03,"0.03 - 0","Charadriiformes","> 50","No","LC",116,"No","No",NA
22698557,"Black Storm-petrel","Oceanodroma_melania","Northern storm-petrels","Hydrobatidae","Procellariiformes","2010s","A","Crustaceans","Dipping",0.672,0.086,1,0.91,"> 0.5","Yes",2,0,NA,0,0,"0 - 0","Procellariiformes","< 50","Yes","LC",61.5,"Yes","No",NA
22694787,"Black Tern","Chlidonias_niger","Gulls, terns, skimmers","Laridae","Charadriiformes","2010s","A","Other.Inverts","Dipping",0.67,0.083,1,0.92,"> 0.5","Yes",2,0,NA,0,0,"0 - 0","Charadriiformes","< 50","Yes","LC",65.3,"No","No",NA
22698459,"Black-bellied Storm-petrel","Fregetta_tropica","Southern storm-petrels","Oceanitidae","Procellariiformes","2010s","A","Crustaceans","Pattering",0.499,0.001,0.981,0.98,"> 0.5","Yes",7,0,0,0,0,"0 - 0","Procellariiformes","< 50","No","LC",52,"Yes","No","Y"
22698375,"Black-browed Albatross","Thalassarche_melanophrys","Albatrosses","Diomedeidae","Procellariiformes","2010s","A","Crustaceans","Surface.Seizing",0.827,0.303,1.001,0.7,"> 0.5","Yes",420,0.221,0.361,0,1,"1 - 0","Procellariiformes","> 50","No","NT",3232,"Yes","No","N"
22698350,"Black-footed Albatross","Phoebastria_nigripes","Albatrosses","Diomedeidae","Procellariiformes","2010s","A","Fish","Surface.Seizing",0.914,0.582,1.001,0.42,"< 0.5","Yes",271,0.845,0.212,0.45,1,"1 - 0.45","Procellariiformes","> 50","No","NT",3195,"Yes","No",NA
22694420,"Black-headed Gull","Larus_ridibundus","Gulls, terns, skimmers","Laridae","Charadriiformes","2010s","A","Crustaceans","Surface.Seizing",0.806,0.114,1.001,0.89,"> 0.5","Yes",10,0.61,0.552,0.22,1,"1 - 0.22","Charadriiformes","< 50","Yes","LC",260,"No","Yes",NA
22694497,"Black-legged Kittiwake","Rissa_tridactyla","Gulls, terns, skimmers","Laridae","Charadriiformes","2010s","A","Fish","Dipping",0.839,0.211,1.001,0.79,"> 0.5","Yes",546,0.174,0.205,0,0.5,"0.5 - 0","Charadriiformes","> 50","No","LC",416.3,"Yes","Yes",NA
22694289,"Black-tailed Gull","Larus_crassirostris","Gulls, terns, skimmers","Laridae","Charadriiformes","2010s","A","Fish","Surface.Seizing",0.863,0.279,1.001,0.72,"> 0.5","Yes",19,1,NA,1,1,"1 - 1","Charadriiformes","< 50","Yes","LC",504.5,"No","No",NA
22697954,"Black-winged Petrel","Pterodroma_nigripennis","Petrels, shearwaters","Procellariidae","Procellariiformes","2010s","A","Crustaceans","Surface.Plunging",0.571,0.007,1.001,0.99,"> 0.5","Yes",105,0.018,0.022,0,0.045,"0.045 - 0","Procellariiformes","> 50","No","LC",163,"Yes","No",NA
22698102,"Blue Petrel","Halobaena_caerulea","Petrels, shearwaters","Procellariidae","Procellariiformes","2010s","A","Crustaceans","Surface.Seizing",0.761,0.046,1.001,0.95,"> 0.5","Yes",164,0.848,0.234,0.44,1,"1 - 0.44","Procellariiformes","> 50","No","LC",202,"Yes","No","Y"
22727746,"Blue Noddy","Procelsterna_cerulea","Gulls, terns, skimmers","Laridae","Charadriiformes","2010s","A","Fish","Dipping",0.615,0.009,1.001,0.99,"> 0.5","Yes",114,0,0,0,0,"0 - 0","Charadriiformes","> 50","No","LC",53,"Yes","No",NA
22694432,"Bonaparte's Gull","Larus_philadelphia","Gulls, terns, skimmers","Laridae","Charadriiformes","2010s","A","Fish","Surface.Seizing",0.822,0.227,1.001,0.77,"> 0.5","Yes",4,0,NA,0,0,"0 - 0","Charadriiformes","< 50","Yes","LC",211,"No","No",NA
22697967,"Bonin Petrel","Pterodroma_hypoleuca","Petrels, shearwaters","Procellariidae","Procellariiformes","2010s","A","Fish","Surface.Seizing",0.791,0.162,1.001,0.84,"> 0.5","Yes",8,0.75,NA,0.75,0.75,"0.75 - 0.75","Procellariiformes","< 50","Yes","LC",176,"Yes","No",NA
22698106,"Broad-billed Prion","Pachyptila_vittata","Petrels, shearwaters","Procellariidae","Procellariiformes","2010s","A","Crustaceans","Skimming",0.698,0.067,1.001,0.93,"> 0.5","Yes",660,0.23,0.248,0,0.67,"0.67 - 0","Procellariiformes","> 50","No","LC",196,"Yes","No","N"
22696698,"Brown Booby","Sula_leucogaster","Gannets, boobies","Sulidae","Suliformes","2010s","A","Fish","Surface.Plunging",0.468,0.001,1,1,"> 0.5","Yes",291,0.119,0.158,0,0.4,"0.4 - 0","Suliformes","> 50","No","LC",1219,"No","No",NA
22694794,"Brown Noddy","Anous_stolidus","Gulls, terns, skimmers","Laridae","Charadriiformes","2010s","A","Fish","Dipping",0.502,0.001,1,1,"> 0.5","Yes",409,0,0,0,0,"0 - 0","Charadriiformes","> 50","No","LC",189,"Yes","No",NA
62289571,"Brown Skua","Catharacta_antarctica","Skuas","Stercorariidae","Charadriiformes","2010s","A","Carrion.Birds","Aerial.Pursuit",0.126,0.001,0.611,0.61,"> 0.5","Yes",509,0.107,0.115,0,0.229,"0.229 - 0","Charadriiformes","> 50","No","LC",1650,"No","No",NA
22728328,"Buller's Albatross","Thalassarche_bulleri","Albatrosses","Diomedeidae","Procellariiformes","2010s","A","Cephalopods","Surface.Seizing",0.435,0.001,0.957,0.96,"> 0.5","Yes",308,0.055,0.208,0,1,"1 - 0","Procellariiformes","> 50","No","NT",2713.75,"Yes","No",NA
22698182,"Buller's Shearwater","Puffinus_bulleri","Petrels, shearwaters","Procellariidae","Procellariiformes","2010s","A","Fish","Pursuit.Plunging",0.626,0.05,1,0.95,"> 0.5","Yes",122,0.987,0.023,0.96,1,"1 - 0.96","Procellariiformes","> 50","No","VU",407,"Yes","No",NA
22698132,"Bulwer's Petrel","Bulweria_bulwerii","Petrels, shearwaters","Procellariidae","Procellariiformes","2010s","A","Fish","Surface.Seizing",0.435,0.001,0.962,0.96,"> 0.5","Yes",96,0.017,0.029,0,0.05,"0.05 - 0","Procellariiformes","> 50","No","LC",99,"Yes","No",NA
22694591,"Sandwich Tern","Sterna_sandvicensis","Gulls, terns, skimmers","Laridae","Charadriiformes","2010s","A","Fish","Surface.Plunging",0.665,0.028,1.001,0.97,"> 0.5","Yes",64,0,0,0,0,"0 - 0","Charadriiformes","> 50","No","LC",250.5,"No","Yes",NA
22696806,"Cape Cormorant","Phalacrocorax_capensis","Cormorants","Phalacrocoracidae","Suliformes","2010s","A","Fish","Pursuit.Diving",0.136,0.001,0.777,0.78,"> 0.5","Yes",239,0,NA,0,0,"0 - 0","Suliformes","> 50","No","EN",1217,"No","No",NA
22696668,"Cape Gannet","Morus_capensis","Gannets, boobies","Sulidae","Suliformes","2010s","A","Fish","Surface.Plunging",0.181,0.001,0.757,0.76,"> 0.5","Yes",5,0,NA,0,0,"0 - 0","Suliformes","< 50","No","VU",2643.5,"No","No",NA
22697879,"Cape Petrel","Daption_capense","Petrels, shearwaters","Procellariidae","Procellariiformes","2010s","A","Crustaceans","Surface.Seizing",0.422,0.001,0.957,0.96,"> 0.5","Yes",439,0.378,0.388,0,1,"1 - 0","Procellariiformes","> 50","No","LC",424.5,"Yes","No","N"
22729421,"Cape Verde Shearwater","Calonectris_edwardsii","Petrels, shearwaters","Procellariidae","Procellariiformes","2010s","A","Fish","Skimming",0.416,0.001,0.992,0.99,"> 0.5","Yes",3,0.33,NA,0.33,0.33,"0.33 - 0.33","Procellariiformes","< 50","No","NT",480,"No","No",NA
22694903,"Cassin's Auklet","Ptychoramphus_aleuticus","Auks","Alcidae","Charadriiformes","2010s","A","Crustaceans","Pursuit.Diving",0.136,0.001,0.921,0.92,"> 0.5","Yes",214,0.375,0.162,0.114,0.54,"0.54 - 0.114","Charadriiformes","> 50","No","NT",184,"No","No",NA
22697761,"Chinstrap Penguin","Pygoscelis_antarcticus","Penguins","Spheniscidae","Sphenisciformes","2010s","A","Crustaceans","Pursuit.Diving",0.188,0.001,0.7,0.7,"> 0.5","Yes",6,0,NA,0,0,"0 - 0","Sphenisciformes","< 50","No","LC",4155.5,"No","No","Y"
22698222,"Christmas Shearwater","Puffinus_nativitatis","Petrels, shearwaters","Procellariidae","Procellariiformes","2010s","A","Cephalopods","Pursuit.Plunging",0.898,0.45,1.001,0.55,"> 0.5","Yes",228,0.281,0.198,0,0.5,"0.5 - 0","Procellariiformes","> 50","No","LC",356,"Yes","No",NA
22697987,"Collared Petrel","Pterodroma_brevipes","Petrels, shearwaters","Procellariidae","Procellariiformes","2010s","A","Cephalopods","Surface.Seizing",0.857,0.317,1.001,0.68,"> 0.5","Yes",3,0.667,NA,0.667,0.667,"0.667 - 0.667","Procellariiformes","< 50","Yes","VU",136,"Yes","No",NA
22698300,"Common Diving-petrel","Pelecanoides_urinatrix","Petrels, shearwaters","Procellariidae","Procellariiformes","2010s","A","Crustaceans","Pursuit.Diving",0.429,0.007,0.943,0.94,"> 0.5","Yes",103,0.031,0.079,0,0.25,"0.25 - 0","Procellariiformes","> 50","No","LC",141,"No","No","N"
22680405,"Common Eider","Somateria_mollissima","Ducks, geese, swans","Anatidae","Anseriformes","2010s","A","Other.Inverts","Bottom.Feeding",0.446,0.001,0.983,0.98,"> 0.5","Yes",1040,0.012,0.033,0,0.1,"0.1 - 0","Anseriformes","> 50","No","NT",2066.5,"No","No",NA
22697842,"Common Loon","Gavia_immer","Loons/divers","Gaviidae","Gaviiformes","2010s","A","Fish","Pursuit.Diving",0.331,0.001,0.899,0.9,"> 0.5","Yes",2,0,NA,0,0,"0 - 0","Gaviiformes","< 50","No","LC",4980,"No","No",NA
22694841,"Common Murre","Uria_aalge","Auks","Alcidae","Charadriiformes","2010s","A","Fish","Pursuit.Diving",0.319,0.001,0.896,0.9,"> 0.5","Yes",487,0.031,0.048,0,0.12,"0.12 - 0","Charadriiformes","> 50","No","LC",992.5,"Yes","No",NA
22694623,"Common Tern","Sterna_hirundo","Gulls, terns, skimmers","Laridae","Charadriiformes","2010s","A","Fish","Surface.Plunging",0.493,0.001,0.989,0.99,"> 0.5","Yes",35,0.029,0.076,0,0.2,"0.2 - 0","Charadriiformes","< 50","No","LC",120,"No","Yes",NA
22697975,"Cook's Petrel","Pterodroma_cookii","Petrels, shearwaters","Procellariidae","Procellariiformes","2010s","A","Cephalopods","Surface.Seizing",0.78,0.137,1.001,0.86,"> 0.5","Yes",72,0.183,0.335,0,1,"1 - 0","Procellariiformes","> 50","No","VU",178.5,"Yes","No",NA
45061132,"Scopoli's Shearwater","Calonectris_diomedea","Petrels, shearwaters","Procellariidae","Procellariiformes","2010s","A","Fish","Pursuit.Plunging",0.853,0.143,1.001,0.86,"> 0.5","Yes",627,0.52,0.382,0,1,"1 - 0","Procellariiformes","> 50","No","LC",535,"Yes","No","Y"
22694915,"Crested Auklet","Aethia_cristatella","Auks","Alcidae","Charadriiformes","2010s","A","Crustaceans","Pursuit.Diving",0.336,0.002,0.886,0.88,"> 0.5","Yes",1236,0.001,0.005,0,0.025,"0.025 - 0","Charadriiformes","> 50","No","LC",259.5,"No","No",NA
22696730,"Crowned Cormorant","Phalacrocorax_coronatus","Cormorants","Phalacrocoracidae","Suliformes","2010s","A","Fish","Pursuit.Diving",0.25,0.001,0.8,0.8,"> 0.5","Yes",24,0,NA,0,0,"0 - 0","Suliformes","< 50","No","NT",763,"No","No",NA
22698020,"Galapagos Petrel","Pterodroma_phaeopygia","Petrels, shearwaters","Procellariidae","Procellariiformes","2010s","A","Cephalopods","Surface.Seizing",0.684,0.047,1.001,0.95,"> 0.5","Yes",2,0.5,NA,0.5,0.5,"0.5 - 0.5","Procellariiformes","< 50","Yes","CR",389,"Yes","No",NA
22696776,"Double-crested Cormorant","Phalacrocorax_auritus","Cormorants","Phalacrocoracidae","Suliformes","2010s","A","Fish","Pursuit.Diving",0.499,0.019,0.966,0.95,"> 0.5","Yes",6,0,0,0,0,"0 - 0","Suliformes","< 50","No","LC",1674,"No","No",NA
22698442,"White-vented Storm-petrel","Oceanites_gracilis","Southern storm-petrels","Oceanitidae","Procellariiformes","2010s","A","Fish","Pattering",0.216,0.001,0.953,0.95,"> 0.5","Yes",2,0,NA,0,0,"0 - 0","Procellariiformes","< 50","No","DD",16.7,"No","No",NA
22697752,"Emperor Penguin","Aptenodytes_forsteri","Penguins","Spheniscidae","Sphenisciformes","2010s","A","Fish","Pursuit.Diving",0.592,0.072,0.998,0.93,"> 0.5","Yes",25,0,0,0,0,"0 - 0","Sphenisciformes","< 50","No","NT",33850,"Yes","No",NA
22696894,"European Shag","Phalacrocorax_aristotelis","Cormorants","Phalacrocoracidae","Suliformes","2010s","A","Fish","Pursuit.Diving",0.052,0.001,0.258,0.26,"< 0.5","Yes",10,0.1,NA,0.1,0.1,"0.1 - 0.1","Suliformes","< 50","No","LC",1773,"No","No",NA
22698477,"European Storm-petrel","Hydrobates_pelagicus","Northern storm-petrels","Hydrobatidae","Procellariiformes","2010s","A","Fish","Pattering",0.11,0.001,0.569,0.57,"> 0.5","Yes",22,0,0,0,0,"0 - 0","Procellariiformes","< 50","No","LC",25.2,"Yes","No",NA
22698124,"Fairy Prion","Pachyptila_turtur","Petrels, shearwaters","Procellariidae","Procellariiformes","2010s","A","Crustaceans","Skimming",0.431,0.003,0.964,0.96,"> 0.5","Yes",1102,0.347,0.389,0,1,"1 - 0","Procellariiformes","> 50","No","LC",137,"No","No","N"
22698188,"Flesh-footed Shearwater","Puffinus_carneipes","Petrels, shearwaters","Procellariidae","Procellariiformes","2010s","A","Fish","Pursuit.Plunging",0.796,0.077,1.001,0.92,"> 0.5","Yes",710,0.475,0.382,0,1,"1 - 0","Procellariiformes","> 50","No","NT",609,"Yes","Yes",NA
22698572,"Fork-tailed Storm-petrel","Oceanodroma_furcata","Northern storm-petrels","Hydrobatidae","Procellariiformes","2010s","A","Fish","Dipping",0.631,0.035,1.001,0.97,"> 0.5","Yes",41,0.952,0.083,0.857,1,"1 - 0.857","Procellariiformes","< 50","Yes","LC",54.4,"Yes","No",NA
22697755,"Gentoo Penguin","Pygoscelis_papua","Penguins","Spheniscidae","Sphenisciformes","2010s","A","Crustaceans","Pursuit.Diving",0.154,0.001,0.735,0.73,"> 0.5","Yes",219,0,0,0,0,"0 - 0","Sphenisciformes","> 50","No","LC",5950,"No","No",NA
22694343,"Glaucous Gull","Larus_hyperboreus","Gulls, terns, skimmers","Laridae","Charadriiformes","2010s","A","Fish","Surface.Seizing",0.616,0.049,1.001,0.95,"> 0.5","Yes",51,0.015,0.021,0,0.03,"0.03 - 0","Charadriiformes","> 50","No","LC",1412.5,"No","Yes",NA
22694334,"Glaucous-winged Gull","Larus_glaucescens","Gulls, terns, skimmers","Laridae","Charadriiformes","2010s","A","Fish","Surface.Seizing",0.63,0.068,1.001,0.93,"> 0.5","Yes",681,0.063,0.073,0,0.13,"0.13 - 0","Charadriiformes","> 50","No","LC",1063,"No","Yes",NA
22694324,"Great Black-backed Gull","Larus_marinus","Gulls, terns, skimmers","Laridae","Charadriiformes","2010s","A","Carrion.Birds","Aerial.Pursuit",0.358,0.001,0.917,0.92,"> 0.5","Yes",12,0.608,0.376,0.25,1,"1 - 0.25","Charadriiformes","< 50","No","LC",1658.5,"No","Yes",NA
22696792,"Great Cormorant","Phalacrocorax_carbo","Cormorants","Phalacrocoracidae","Suliformes","2010s","A","Fish","Pursuit.Diving",0.157,0.001,0.789,0.79,"> 0.5","Yes",93,0.016,0.023,0,0.032,"0.032 - 0","Suliformes","> 50","No","LC",2302.414185,"No","No",NA
22694571,"Greater Crested Tern","Sterna_bergii","Gulls, terns, skimmers","Laridae","Charadriiformes","2010s","A","Fish","Surface.Plunging",0.316,0.001,0.954,0.95,"> 0.5","Yes",15,0,0,0,0,"0 - 0","Charadriiformes","< 50","No","LC",328,"No","Yes",NA
22698201,"Great Shearwater","Puffinus_gravis","Petrels, shearwaters","Procellariidae","Procellariiformes","2010s","A","Fish","Surface.Seizing",0.639,0.052,1,0.95,"> 0.5","Yes",610,0.717,0.301,0,1,"1 - 0","Procellariiformes","> 50","No","LC",849,"Yes","No",NA
22694160,"Great Skua","Catharacta_skua","Skuas","Stercorariidae","Charadriiformes","2010s","A","Carrion.Birds","Surface.Seizing",0.627,0.046,1,0.95,"> 0.5","Yes",650,0.26,0.223,0.06,0.5,"0.5 - 0.06","Charadriiformes","> 50","No","LC",1340,"No","Yes",NA
45048812,"Great-winged Petrel","Pterodroma_macroptera","Petrels, shearwaters","Procellariidae","Procellariiformes","2010s","A","Cephalopods","Surface.Seizing",0.564,0.024,1.001,0.98,"> 0.5","Yes",221,0.043,0.063,0,0.152,"0.152 - 0","Procellariiformes","> 50","No","LC",532.5,"Yes","No",NA
22697733,"Great Frigatebird","Fregata_minor","Frigatebirds","Fregatidae","Suliformes","2010s","A","Fish","Dipping",0.407,0.002,0.933,0.93,"> 0.5","Yes",332,0.06,0.104,0,0.18,"0.18 - 0","Suliformes","> 50","No","LC",1263,"Yes","No",NA
22680398,"Greater Scaup","Aythya_marila","Ducks, geese, swans","Anatidae","Anseriformes","2010s","A","Other.Inverts","Bottom.Feeding",0.144,0.001,0.847,0.85,"> 0.5","Yes",4,0,0,0,0,"0 - 0","Anseriformes","< 50","No","LC",1058,"Yes","No",NA
22698159,"Grey Petrel","Procellaria_cinerea","Petrels, shearwaters","Procellariidae","Procellariiformes","2010s","A","Cephalopods","Surface.Seizing",0.803,0.144,1.001,0.86,"> 0.5","Yes",12,0.04,0.089,0,0.2,"0.2 - 0","Procellariiformes","< 50","Yes","NT",1060,"Yes","No",NA
22729148,"Grey-backed Storm-petrel","Garrodia_nereis","Southern storm-petrels","Oceanitidae","Procellariiformes","2010s","A","Crustaceans","Pattering",0.459,0.001,0.986,0.98,"> 0.5","Yes",23,0.303,0.043,0.273,0.333,"0.333 - 0.273","Procellariiformes","< 50","No","LC",38.2,"Yes","No",NA
22694722,"Grey-backed Tern","Sterna_lunata","Gulls, terns, skimmers","Laridae","Charadriiformes","2010s","A","Fish","Surface.Plunging",0.431,0.001,0.973,0.97,"> 0.5","Yes",317,0,0,0,0,"0 - 0","Charadriiformes","> 50","No","LC",146,"Yes","No",NA
22698398,"Grey-headed Albatross","Thalassarche_chrysostoma","Albatrosses","Diomedeidae","Procellariiformes","2010s","A","Cephalopods","Surface.Seizing",0.723,0.137,1.001,0.86,"> 0.5","Yes",187,0.021,0.044,0,0.1,"0.1 - 0","Procellariiformes","> 50","No","EN",3507.5,"Yes","No","N"
22680423,"Harlequin Duck","Histrionicus_histrionicus","Ducks, geese, swans","Anatidae","Anseriformes","2010s","A","Other.Inverts","Pursuit.Diving",0.575,0.029,1.001,0.97,"> 0.5","Yes",7,0,0,0,0,"0 - 0","Anseriformes","< 50","No","LC",563.5,"No","No",NA
22694393,"Hartlaub's Gull","Larus_hartlaubii","Gulls, terns, skimmers","Laridae","Charadriiformes","2010s","A","Other.Inverts","Surface.Plunging",0.781,0.171,1,0.83,"> 0.5","Yes",13,0,NA,0,0,"0 - 0","Charadriiformes","< 50","Yes","LC",292,"No","No",NA
22694296,"Heermann's Gull","Larus_heermanni","Gulls, terns, skimmers","Laridae","Charadriiformes","2010s","A","Fish","Surface.Plunging",0.508,0.007,0.999,0.99,"> 0.5","Yes",20,0.055,0.078,0,0.11,"0.11 - 0","Charadriiformes","< 50","No","NT",500,"No","No",NA
22728442,"Henderson Petrel","Pterodroma_atrata","Petrels, shearwaters","Procellariidae","Procellariiformes","2010s","A","Cephalopods","Surface.Seizing",0.827,0.332,1.001,0.67,"> 0.5","Yes",29,0,NA,0,0,"0 - 0","Procellariiformes","< 50","Yes","EN",300,"Yes","No",NA
62030608,"European Herring Gull","Larus_argentatus","Gulls, terns, skimmers","Laridae","Charadriiformes","2010s","A","Fish","Surface.Plunging",0.163,0.001,0.667,0.67,"> 0.5","Yes",44,0.554,0.218,0.32,0.75,"0.75 - 0.32","Charadriiformes","< 50","No","LC",1110,"No","Yes",NA
22694931,"Horned Puffin","Fratercula_corniculata","Auks","Alcidae","Charadriiformes","2010s","A","Fish","Pursuit.Diving",0.102,0.001,0.539,0.54,"> 0.5","Yes",296,0.436,0.116,0.367,0.57,"0.57 - 0.367","Charadriiformes","> 50","No","LC",536.5,"Yes","No",NA
22697817,"Humboldt Penguin","Spheniscus_humboldti","Penguins","Spheniscidae","Sphenisciformes","2010s","A","Fish","Pursuit.Diving",0.275,0.001,0.911,0.91,"> 0.5","Yes",30,0,NA,0,0,"0 - 0","Sphenisciformes","< 50","No","VU",4379,"Yes","No","Y"
22694346,"Iceland Gull","Larus_glaucoides","Gulls, terns, skimmers","Laridae","Charadriiformes","2010s","A","Fish","Surface.Seizing",0.59,0.067,0.996,0.93,"> 0.5","Yes",3,0.5,0.707,0,1,"1 - 0","Charadriiformes","< 50","No","LC",863,"No","No",NA
22729686,"Imperial Shag","Phalacrocorax_atriceps","Cormorants","Phalacrocoracidae","Suliformes","2010s","A","Fish","Pursuit.Diving",0.132,0.001,0.679,0.68,"> 0.5","Yes",88,0,0,0,0,"0 - 0","Suliformes","> 50","No","LC",2491,"No","No",NA
22728372,"Indian Yellow-nosed Albatross","Thalassarche_carteri","Albatrosses","Diomedeidae","Procellariiformes","2010s","A","Cephalopods","Surface.Seizing",0.632,0.086,1,0.91,"> 0.5","Yes",77,0.019,NA,0.019,0.019,"0.019 - 0.019","Procellariiformes","> 50","No","EN",2710,"Yes","No",NA
22694473,"Ivory Gull","Pagophila_eburnea","Gulls, terns, skimmers","Laridae","Charadriiformes","2010s","A","Fish","Dipping",0.4,0.001,0.954,0.95,"> 0.5","Yes",1,0,NA,0,0,"0 - 0","Charadriiformes","< 50","No","NT",550,"Yes","No",NA
22698030,"Juan Fernandez Petrel","Pterodroma_externa","Petrels, shearwaters","Procellariidae","Procellariiformes","2010s","A","Cephalopods","Surface.Seizing",0.804,0.152,1.001,0.85,"> 0.5","Yes",287,0.008,0.003,0.005,0.01,"0.01 - 0.005","Procellariiformes","> 50","No","VU",428,"Yes","No",NA
22694329,"Kelp Gull","Larus_dominicanus","Gulls, terns, skimmers","Laridae","Charadriiformes","2010s","A","Other.Inverts","Surface.Plunging",0.623,0.032,1,0.97,"> 0.5","Yes",86,0.016,0.044,0,0.115,"0.115 - 0","Charadriiformes","> 50","No","LC",957,"No","Yes",NA
22697888,"Kerguelen Petrel","Lugensa_brevirostris","Petrels, shearwaters","Procellariidae","Procellariiformes","2010s","A","Cephalopods","Surface.Seizing",0.897,0.489,1.001,0.51,"> 0.5","Yes",119,0.198,0.339,0,1,"1 - 0","Procellariiformes","> 50","No","LC",357,"Yes","No",NA
22698027,"Kermadec Petrel","Pterodroma_neglecta","Petrels, shearwaters","Procellariidae","Procellariiformes","2010s","A","Cephalopods","Dipping",0.825,0.226,1.001,0.77,"> 0.5","Yes",46,0.023,0.04,0,0.07,"0.07 - 0","Procellariiformes","< 50","Yes","LC",501,"Yes","No",NA
22680409,"King Eider","Somateria_spectabilis","Ducks, geese, swans","Anatidae","Anseriformes","2010s","A","Other.Inverts","Bottom.Feeding",0.633,0.015,1.001,0.99,"> 0.5","Yes",54,0,0,0,0,"0 - 0","Anseriformes","> 50","No","LC",1617.5,"No","No",NA
22697748,"King Penguin","Aptenodytes_patagonicus","Penguins","Spheniscidae","Sphenisciformes","2010s","A","Fish","Pursuit.Diving",0.31,0.001,0.908,0.91,"> 0.5","Yes",150,0,NA,0,0,"0 - 0","Sphenisciformes","> 50","No","LC",11751,"Yes","No","Y"
22694875,"Kittlitz's Murrelet","Brachyramphus_brevirostris","Auks","Alcidae","Charadriiformes","2010s","A","Fish","Pursuit.Diving",0.293,0.001,0.891,0.89,"> 0.5","Yes",22,0,0,0,0,"0 - 0","Charadriiformes","< 50","No","NT",234,"No","No",NA
22698365,"Laysan Albatross","Phoebastria_immutabilis","Albatrosses","Diomedeidae","Procellariiformes","2010s","A","Cephalopods","Surface.Seizing",0.909,0.58,1.001,0.42,"< 0.5","Yes",1021,0.873,0.165,0.5,1,"1 - 0.5","Procellariiformes","> 50","No","NT",3150,"Yes","No",NA
22698511,"Leach's Storm-petrel","Oceanodroma_leucorhoa","Northern storm-petrels","Hydrobatidae","Procellariiformes","2010s","A","Cephalopods","Dipping",0.811,0.261,1,0.74,"> 0.5","Yes",2744,0.354,0.287,0.05,1,"1 - 0.05","Procellariiformes","> 50","No","VU",34.8,"Yes","No","Y"
22694373,"Lesser Black-backed Gull","Larus_fuscus","Gulls, terns, skimmers","Laridae","Charadriiformes","2010s","A","Fish","Dipping",0.313,0.001,0.929,0.93,"> 0.5","Yes",64,0.292,0.344,0,1,"1 - 0","Charadriiformes","> 50","No","LC",715,"No","Yes",NA
22694805,"Lesser Noddy","Anous_tenuirostris","Gulls, terns, skimmers","Laridae","Charadriiformes","2010s","A","Fish","Dipping",0.201,0.001,0.766,0.76,"> 0.5","Yes",3,0,NA,0,0,"0 - 0","Charadriiformes","< 50","No","LC",112,"No","No",NA
22698448,"Light-mantled Albatross","Phoebetria_palpebrata","Albatrosses","Diomedeidae","Procellariiformes","2010s","A","Cephalopods","Surface.Seizing",0.368,0.003,0.91,0.91,"> 0.5","Yes",38,0.167,0.408,0,1,"1 - 0","Procellariiformes","< 50","No","NT",2950,"Yes","No",NA
22694837,"Little Auk","Alle_alle","Auks","Alcidae","Charadriiformes","2010s","A","Crustaceans","Pursuit.Diving",0.058,0.001,0.313,0.31,"< 0.5","Yes",310,0.482,0.429,0,1,"1 - 0","Charadriiformes","> 50","No","LC",181.3,"No","Yes",NA
22697805,"Little Penguin","Eudyptula_minor","Penguins","Spheniscidae","Sphenisciformes","2010s","A","Fish","Pursuit.Diving",0.132,0.001,0.67,0.67,"> 0.5","Yes",124,NA,NA,NA,NA,NA,"Sphenisciformes","> 50","No","LC",1120.5,"Yes","No",NA
45959011,"Little Shearwater","Puffinus_assimilis","Petrels, shearwaters","Procellariidae","Procellariiformes","2010s","A","Fish","Pursuit.Plunging",0.928,0.625,1.001,0.38,"< 0.5","Yes",40,0.473,0.509,0,1,"1 - 0","Procellariiformes","< 50","Yes","LC",226,"Yes","No",NA
22680427,"Long-tailed Duck","Clangula_hyemalis","Ducks, geese, swans","Anatidae","Anseriformes","2010s","A","Crustaceans","Bottom.Feeding",0.474,0.001,0.994,0.99,"> 0.5","Yes",38,0,0,0,0,"0 - 0","Anseriformes","< 50","No","VU",873,"Yes","No",NA
22694251,"Long-tailed Jaeger","Stercorarius_longicaudus","Skuas","Stercorariidae","Charadriiformes","2010s","A","Carrion.Birds","Surface.Seizing",0.956,0.772,1.001,0.23,"< 0.5","Yes",4,0.25,0.354,0,0.5,"0.5 - 0","Charadriiformes","< 50","Yes","LC",288.5,"Yes","No",NA
22697793,"Macaroni Penguin","Eudyptes_chrysolophus","Penguins","Spheniscidae","Sphenisciformes","2010s","A","Crustaceans","Pursuit.Diving",0.619,0.025,1,0.98,"> 0.5","Yes",46,0,NA,0,0,"0 - 0","Sphenisciformes","< 50","Yes","VU",4490,"Yes","No",NA
22735803,"Band-rumped Storm-petrel","Oceanodroma_castro","Northern storm-petrels","Hydrobatidae","Procellariiformes","2010s","A","Crustaceans","Pattering",0.336,0.001,0.961,0.96,"> 0.5","Yes",14,0,0,0,0,"0 - 0","Procellariiformes","< 50","No","LC",45.3,"Yes","No",NA
22698288,"Magellanic Diving-petrel","Pelecanoides_magellani","Petrels, shearwaters","Procellariidae","Procellariiformes","2010s","A","Crustaceans","Pursuit.Diving",0.632,0.029,1.001,0.97,"> 0.5","Yes",1,0,NA,0,0,"0 - 0","Procellariiformes","< 50","Yes","LC",134,"No","No",NA
22697822,"Magellanic Penguin","Spheniscus_magellanicus","Penguins","Spheniscidae","Sphenisciformes","2010s","A","Fish","Pursuit.Diving",0.665,0.036,1.001,0.96,"> 0.5","Yes",783,0.239,0.228,0,0.8,"0.8 - 0","Sphenisciformes","> 50","No","NT",4120,"Yes","No",NA
22697724,"Magnificent Frigatebird","Fregata_magnificens","Frigatebirds","Fregatidae","Suliformes","2010s","A","Fish","Aerial.Pursuit",0.778,0.205,1,0.8,"> 0.5","Yes",11,0.2,0.447,0,1,"1 - 0","Suliformes","< 50","Yes","LC",1499.25,"Yes","Yes",NA
22698226,"Manx Shearwater","Puffinus_puffinus","Petrels, shearwaters","Procellariidae","Procellariiformes","2010s","A","Fish","Surface.Plunging",0.771,0.134,1.001,0.87,"> 0.5","Yes",112,0.428,0.347,0,1,"1 - 0","Procellariiformes","> 50","No","LC",453.5,"Yes","No",NA
22694870,"Marbled Murrelet","Brachyramphus_marmoratus","Auks","Alcidae","Charadriiformes","2010s","A","Fish","Pursuit.Diving",0.581,0.021,1.001,0.98,"> 0.5","Yes",157,0,0,0,0,"0 - 0","Charadriiformes","> 50","No","EN",220,"No","No",NA
22698543,"Markham's Storm-petrel","Oceanodroma_markhami","Northern storm-petrels","Hydrobatidae","Procellariiformes","2010s","A","Fish","Dipping",0.889,0.493,1.001,0.51,"> 0.5","Yes",107,0.057,0.038,0.03,0.083,"0.083 - 0.03","Procellariiformes","> 50","No","DD",53.1,"Yes","Yes",NA
22736173,"Masked Booby","Sula_dactylatra","Gannets, boobies","Sulidae","Suliformes","2010s","A","Fish","Surface.Plunging",0.547,0.015,1,0.98,"> 0.5","Yes",964,0.12,0.331,0,1,"1 - 0","Suliformes","> 50","No","LC",1713,"No","No",NA
22694443,"Mediterranean Gull","Larus_melanocephalus","Gulls, terns, skimmers","Laridae","Charadriiformes","2010s","A","Other.Inverts","Surface.Plunging",0.574,0.019,1,0.98,"> 0.5","Yes",4,0.23,NA,0.23,0.23,"0.23 - 0.23","Charadriiformes","< 50","No","LC",282.5,"No","No",NA
22694308,"Mew Gull","Larus_canus","Gulls, terns, skimmers","Laridae","Charadriiformes","2010s","A","Fish","Surface.Seizing",0.778,0.127,1.001,0.87,"> 0.5","Yes",18,0.167,0.144,0,0.25,"0.25 - 0","Charadriiformes","< 50","Yes","LC",403.5,"No","No",NA
22697963,"Mottled Petrel","Pterodroma_inexpectata","Petrels, shearwaters","Procellariidae","Procellariiformes","2010s","A","Cephalopods","Pursuit.Plunging",0.88,0.34,1.001,0.66,"> 0.5","Yes",15,0.229,0.407,0,1,"1 - 0","Procellariiformes","< 50","Yes","NT",316,"Yes","No",NA
22698039,"Murphy's Petrel","Pterodroma_ultima","Petrels, shearwaters","Procellariidae","Procellariiformes","2010s","A","Cephalopods","Surface.Seizing",0.778,0.102,1.001,0.9,"> 0.5","Yes",65,0.082,0.08,0,0.16,"0.16 - 0","Procellariiformes","> 50","No","NT",360,"Yes","No",NA
22698240,"Newell's Shearwater","Puffinus_newelli","Petrels, shearwaters","Procellariidae","Procellariiformes","2010s","A","Cephalopods","Pursuit.Plunging",0.954,0.735,1.001,0.27,"< 0.5","Yes",30,0.5,NA,0.5,0.5,"0.5 - 0.5","Procellariiformes","< 50","Yes","EN",381,"Yes","Yes",NA
22697866,"Northern Fulmar","Fulmarus_glacialis","Petrels, shearwaters","Procellariidae","Procellariiformes","2010s","A","Fish","Surface.Seizing",0.888,0.409,1.001,0.59,"> 0.5","Yes",3965,0.79,0.207,0.15,1,"1 - 0.15","Procellariiformes","> 50","No","LC",613,"Yes","No","N"
22696657,"Northern Gannet","Morus_bassanus","Gannets, boobies","Sulidae","Suliformes","2010s","A","Fish","Surface.Plunging",0.75,0.099,1.001,0.9,"> 0.5","Yes",17,0.226,0.436,0,1,"1 - 0","Suliformes","< 50","Yes","LC",2999.5,"No","Yes",NA
22697859,"Northern Giant Petrel","Macronectes_halli","Petrels, shearwaters","Procellariidae","Procellariiformes","2010s","A","Carrion.Birds","Scavenging",0.323,0.001,0.955,0.95,"> 0.5","Yes",50,0.387,0.484,0,1,"1 - 0","Procellariiformes","> 50","No","LC",4249,"Yes","No",NA
22734408,"Northern Rockhopper Penguin","Eudyptes_moseleyi","Penguins","Spheniscidae","Sphenisciformes","2010s","A","Crustaceans","Pursuit.Diving",0.142,0.001,0.646,0.64,"> 0.5","Yes",12,0,NA,0,0,"0 - 0","Sphenisciformes","< 50","No","EN",2330,"No","No",NA
22728323,"Northern Royal Albatross","Diomedea_sanfordi","Albatrosses","Diomedeidae","Procellariiformes","2010s","A","Cephalopods","Surface.Seizing",0.631,0.038,1.001,0.96,"> 0.5","Yes",36,0.389,NA,0.389,0.389,"0.389 - 0.389","Procellariiformes","< 50","Yes","EN",6500,"Yes","No",NA
22697839,"Pacific Loon","Gavia_pacifica","Loons/divers","Gaviidae","Gaviiformes","2010s","A","Fish","Pursuit.Diving",0.192,0.001,0.852,0.85,"> 0.5","Yes",2,0,NA,0,0,"0 - 0","Gaviiformes","< 50","No","LC",1668.5,"No","No",NA
22694906,"Parakeet Auklet","Aethia_psittacula","Auks","Alcidae","Charadriiformes","2010s","A","Crustaceans","Pursuit.Diving",0.126,0.001,0.685,0.68,"> 0.5","Yes",468,0.189,0.363,0,1,"1 - 0","Charadriiformes","> 50","No","LC",270,"No","No",NA
22694245,"Arctic Jaeger","Stercorarius_parasiticus","Skuas","Stercorariidae","Charadriiformes","2010s","A","Carrion.Birds","Aerial.Pursuit",0.259,0.001,0.994,0.99,"> 0.5","Yes",6,0.5,0.408,0,1,"1 - 0","Charadriiformes","< 50","No","LC",445.5,"No","No",NA
22698150,"Black Petrel","Procellaria_parkinsoni","Petrels, shearwaters","Procellariidae","Procellariiformes","2010s","A","Cephalopods","Surface.Seizing",0.861,0.341,1.001,0.66,"> 0.5","Yes",8,0.25,0.5,0,1,"1 - 0","Procellariiformes","< 50","Yes","VU",702.5,"Yes","No",NA
22728950,"Pelagic Cormorant","Phalacrocorax_pelagicus","Cormorants","Phalacrocoracidae","Suliformes","2010s","A","Fish","Pursuit.Diving",0.125,0.001,0.655,0.65,"> 0.5","Yes",14,0.067,0.115,0,0.2,"0.2 - 0","Suliformes","< 50","No","LC",1856.5,"No","No",NA
22698001,"Phoenix Petrel","Pterodroma_alba","Petrels, shearwaters","Procellariidae","Procellariiformes","2010s","A","Cephalopods","Dipping",0.617,0.017,1.001,0.98,"> 0.5","Yes",30,0,0,0,0,"0 - 0","Procellariiformes","< 50","Yes","EN",259,"Yes","No",NA
22694864,"Pigeon Guillemot","Cepphus_columba","Auks","Alcidae","Charadriiformes","2010s","A","Fish","Bottom.Feeding",0.283,0.001,0.902,0.9,"> 0.5","Yes",62,0.009,0.015,0,0.026,"0.026 - 0","Charadriiformes","> 50","No","LC",530,"No","No",NA
22698195,"Pink-footed Shearwater","Puffinus_creatopus","Petrels, shearwaters","Procellariidae","Procellariiformes","2010s","A","Fish","Surface.Seizing",0.799,0.101,1.001,0.9,"> 0.5","Yes",6,0.65,0.495,0.3,1,"1 - 0.3","Procellariiformes","< 50","Yes","VU",744,"Yes","No",NA
22694240,"Pomarine Jaeger","Stercorarius_pomarinus","Skuas","Stercorariidae","Charadriiformes","2010s","A","Fish","Aerial.Pursuit",0.201,0.001,0.778,0.78,"> 0.5","Yes",5,0,0,0,0,"0 - 0","Charadriiformes","< 50","No","LC",694,"No","No",NA
22698042,"Providence Petrel","Pterodroma_solandri","Petrels, shearwaters","Procellariidae","Procellariiformes","2010s","A","Cephalopods","Dipping",0.506,0.019,0.988,0.97,"> 0.5","Yes",112,0.181,0.219,0,0.5,"0.5 - 0","Procellariiformes","> 50","No","VU",471,"Yes","No",NA
22697984,"Pycroft's Petrel","Pterodroma_pycrofti","Petrels, shearwaters","Procellariidae","Procellariiformes","2010s","A","Cephalopods","Surface.Seizing",0.81,0.252,1.001,0.75,"> 0.5","Yes",7,0.45,0.071,0.4,0.5,"0.5 - 0.4","Procellariiformes","< 50","Yes","VU",159,"Yes","No",NA
22694852,"Razorbill","Alca_torda","Auks","Alcidae","Charadriiformes","2010s","A","Fish","Pursuit.Diving",0.252,0.001,0.909,0.91,"> 0.5","Yes",27,0,0,0,0,"0 - 0","Charadriiformes","< 50","No","NT",726,"No","No",NA
22693494,"Red Phalarope","Phalaropus_fulicarius","Sandpipers, snipes, phalaropes","Scolopacidae","Charadriiformes","2010s","A","Other.Inverts","Surface.Seizing",0.84,0.336,1.001,0.66,"> 0.5","Yes",34,0.578,0.412,0.2,1,"1 - 0.2","Charadriiformes","< 50","Yes","LC",55.95,"No","No",NA
22696887,"Red-faced Cormorant","Phalacrocorax_urile","Cormorants","Phalacrocoracidae","Suliformes","2010s","A","Fish","Pursuit.Diving",0.449,0.001,0.979,0.98,"> 0.5","Yes",18,0,0,0,0,"0 - 0","Suliformes","< 50","No","LC",2137.5,"No","No",NA
22696694,"Red-footed Booby","Sula_sula","Gannets, boobies","Sulidae","Suliformes","2010s","A","Fish","Surface.Plunging",0.72,0.145,1,0.86,"> 0.5","Yes",467,0.005,0.012,0,0.03,"0.03 - 0","Suliformes","> 50","No","LC",857,"Yes","No",NA
22694502,"Red-legged Kittiwake","Rissa_brevirostris","Gulls, terns, skimmers","Laridae","Charadriiformes","2010s","A","Fish","Pursuit.Plunging",0.964,0.802,1.001,0.2,"< 0.5","Yes",61,0.198,0.097,0.13,0.267,"0.267 - 0.13","Charadriiformes","> 50","No","VU",377,"Yes","No",NA
22693490,"Red-necked Phalarope","Phalaropus_lobatus","Sandpipers, snipes, phalaropes","Scolopacidae","Charadriiformes","2010s","A","Other.Inverts","Surface.Seizing",0.888,0.468,1.001,0.53,"> 0.5","Yes",5,0.335,0.474,0,0.67,"0.67 - 0","Charadriiformes","< 50","Yes","LC",36.75,"No","No",NA
22696641,"Red-tailed Tropicbird","Phaethon_rubricauda","Tropicbirds","Phaethontidae","Phaethontiformes","2010s","A","Fish","Surface.Plunging",0.584,0.017,1.001,0.98,"> 0.5","Yes",469,0.028,0.046,0,0.14,"0.14 - 0","Phaethontiformes","> 50","No","LC",659,"Yes","No",NA
22697829,"Red-throated Loon","Gavia_stellata","Loons/divers","Gaviidae","Gaviiformes","2010s","A","Fish","Pursuit.Diving",0.362,0.001,0.98,0.98,"> 0.5","Yes",2,0,NA,0,0,"0 - 0","Gaviiformes","< 50","No","LC",1486,"No","No",NA
22694924,"Rhinoceros Auklet","Cerorhinca_monocerata","Auks","Alcidae","Charadriiformes","2010s","A","Fish","Pursuit.Diving",0.319,0.001,0.966,0.96,"> 0.5","Yes",93,0.069,0.164,0,0.44,"0.44 - 0","Charadriiformes","> 50","No","LC",483,"Yes","Yes",NA
22694601,"Roseate Tern","Sterna_dougallii","Gulls, terns, skimmers","Laridae","Charadriiformes","2010s","A","Fish","Surface.Plunging",0.804,0.123,1.001,0.88,"> 0.5","Yes",1,0,NA,0,0,"0 - 0","Charadriiformes","< 50","Yes","LC",108.75,"No","No",NA
22694542,"Royal Tern","Sterna_maxima","Gulls, terns, skimmers","Laridae","Charadriiformes","2010s","A","Fish","Surface.Plunging",0.666,0.032,1.001,0.97,"> 0.5","Yes",4,0,0,0,0,"0 - 0","Charadriiformes","< 50","Yes","LC",409.25,"Yes","Yes",NA
22694479,"Sabine's Gull","Xema_sabini","Gulls, terns, skimmers","Laridae","Charadriiformes","2010s","A","Fish","Dipping",0.723,0.059,1.001,0.94,"> 0.5","Yes",6,0,0,0,0,"0 - 0","Charadriiformes","< 50","Yes","LC",198,"No","No",NA
22698388,"Salvin's Albatross","Thalassarche_salvini","Albatrosses","Diomedeidae","Procellariiformes","2010s","A","Cephalopods","Surface.Seizing",0.854,0.236,1.001,0.76,"> 0.5","Yes",148,0.007,0.02,0,0.07,"0.07 - 0","Procellariiformes","> 50","No","VU",3795,"Yes","No",NA
104062546,"Salvin's Prion","Pachyptila_salvini","Petrels, shearwaters","Procellariidae","Procellariiformes","2010s","A","Crustaceans","Skimming",0.808,0.102,1.001,0.9,"> 0.5","Yes",721,0.667,0.271,0.201,1,"1 - 0.201","Procellariiformes","> 50","No","LC",159,"Yes","No","N"
22698216,"Short-tailed Shearwater","Puffinus_tenuirostris","Petrels, shearwaters","Procellariidae","Procellariiformes","2010s","A","Crustaceans","Pursuit.Plunging",0.85,0.145,1.001,0.86,"> 0.5","Yes",1954,0.9,0.169,0.464,1,"1 - 0.464","Procellariiformes","> 50","No","LC",559,"No","No","N"
22729604,"Shy Albatross","Thalassarche_cauta","Albatrosses","Diomedeidae","Procellariiformes","2010s","A","Cephalopods","Surface.Seizing",0.786,0.138,1.001,0.86,"> 0.5","Yes",1250,0.021,0.143,0,1,"1 - 0","Procellariiformes","> 50","No","NT",3911.25,"Yes","No",NA
22694362,"Slaty-backed Gull","Larus_schistisagus","Gulls, terns, skimmers","Laridae","Charadriiformes","2010s","A","Fish","Surface.Plunging",0.591,0.015,1.001,0.99,"> 0.5","Yes",1,0,NA,0,0,"0 - 0","Charadriiformes","< 50","No","LC",1323,"No","Yes",NA
22697885,"Snow Petrel","Pagodroma_nivea","Petrels, shearwaters","Procellariidae","Procellariiformes","2010s","A","Crustaceans","Dipping",0.734,0.075,1.001,0.93,"> 0.5","Yes",551,0.021,0.02,0,0.045,"0.045 - 0","Procellariiformes","> 50","No","LC",268,"No","No",NA
22698080,"Soft-plumaged Petrel","Pterodroma_mollis","Petrels, shearwaters","Procellariidae","Procellariiformes","2010s","A","Cephalopods","Surface.Seizing",0.748,0.122,1.001,0.88,"> 0.5","Yes",50,0.452,0.506,0,1,"1 - 0","Procellariiformes","> 50","No","LC",312,"Yes","No",NA
22698431,"Sooty Albatross","Phoebetria_fusca","Albatrosses","Diomedeidae","Procellariiformes","2010s","A","Cephalopods","Surface.Seizing",0.719,0.022,1.001,0.98,"> 0.5","Yes",119,0.003,0.007,0,0.014,"0.014 - 0","Procellariiformes","> 50","No","EN",2500,"Yes","No",NA
22698209,"Sooty Shearwater","Puffinus_griseus","Petrels, shearwaters","Procellariidae","Procellariiformes","2010s","A","Fish","Pursuit.Plunging",0.827,0.28,1.001,0.72,"> 0.5","Yes",1840,0.654,0.388,0,1,"1 - 0","Procellariiformes","> 50","No","NT",787,"Yes","No","N"
22694740,"Sooty Tern","Sterna_fuscata","Gulls, terns, skimmers","Laridae","Charadriiformes","2010s","A","Cephalopods","Dipping",0.457,0.006,0.969,0.96,"> 0.5","Yes",518,0.007,0.012,0,0.03,"0.03 - 0","Charadriiformes","> 50","No","LC",175,"Yes","No",NA
22694618,"South American Tern","Sterna_hirundinacea","Gulls, terns, skimmers","Laridae","Charadriiformes","2010s","A","Fish","Surface.Plunging",0.503,0.021,1,0.98,"> 0.5","Yes",3,0,0,0,0,"0 - 0","Charadriiformes","< 50","No","LC",180,"No","No",NA
22698293,"South Georgia Diving-petrel","Pelecanoides_georgicus","Petrels, shearwaters","Procellariidae","Procellariiformes","2010s","A","Crustaceans","Pursuit.Diving",0.256,0.001,0.923,0.92,"> 0.5","Yes",12,0,0,0,0,"0 - 0","Procellariiformes","< 50","No","LC",121,"No","No",NA
22694218,"South Polar Skua","Catharacta_maccormicki","Skuas","Stercorariidae","Charadriiformes","2010s","A","Fish","Surface.Seizing",0.65,0.009,1.001,0.99,"> 0.5","Yes",27,0.25,0.354,0,0.5,"0.5 - 0","Charadriiformes","< 50","Yes","LC",1349,"No","Yes",NA
22697870,"Southern Fulmar","Fulmarus_glacialoides","Petrels, shearwaters","Procellariidae","Procellariiformes","2010s","A","Crustaceans","Surface.Seizing",0.647,0.007,1.001,0.99,"> 0.5","Yes",243,0.276,0.387,0,1,"1 - 0","Procellariiformes","> 50","No","LC",795,"No","No",NA
22697852,"Southern Giant Petrel","Macronectes_giganteus","Petrels, shearwaters","Procellariidae","Procellariiformes","2010s","A","Carrion.Birds","Scavenging",0.338,0.001,0.989,0.99,"> 0.5","Yes",249,0.472,0.459,0,1,"1 - 0","Procellariiformes","> 50","No","LC",3697.5,"No","No",NA
22735250,"Southern Rockhopper Penguin","Eudyptes_chrysocome","Penguins","Spheniscidae","Sphenisciformes","2010s","A","Crustaceans","Pursuit.Diving",0.297,0.001,0.993,0.99,"> 0.5","Yes",177,0.011,NA,0.011,0.011,"0.011 - 0.011","Sphenisciformes","> 50","No","VU",2330,"No","No",NA
22698314,"Southern Royal Albatross","Diomedea_epomophora","Albatrosses","Diomedeidae","Procellariiformes","2010s","A","Cephalopods","Surface.Seizing",0.642,0.004,1.001,1,"> 0.5","Yes",27,0.168,0.236,0,0.5,"0.5 - 0","Procellariiformes","< 50","Yes","VU",9000,"Yes","No",NA
22728437,"Spectacled Petrel","Procellaria_conspicillata","Petrels, shearwaters","Procellariidae","Procellariiformes","2010s","A","Fish","Pursuit.Plunging",0.512,0.017,1,0.98,"> 0.5","Yes",19,0.277,0.055,0.22,0.33,"0.33 - 0.22","Procellariiformes","< 50","No","VU",1191,"Yes","No",NA
22697997,"Stejneger's Petrel","Pterodroma_longirostris","Petrels, shearwaters","Procellariidae","Procellariiformes","2010s","A","Cephalopods","Surface.Seizing",0.432,0.001,0.964,0.96,"> 0.5","Yes",72,0.753,0.24,0.52,1,"1 - 0.52","Procellariiformes","> 50","No","VU",143,"Yes","No",NA
22698172,"Streaked Shearwater","Calonectris_leucomelas","Petrels, shearwaters","Procellariidae","Procellariiformes","2010s","A","Fish","Surface.Seizing",0.481,0.006,1.001,0.99,"> 0.5","Yes",2,0,NA,0,0,"0 - 0","Procellariiformes","< 50","No","NT",580,"No","No",NA
22680441,"Surf Scoter","Melanitta_perspicillata","Ducks, geese, swans","Anatidae","Anseriformes","2010s","A","Other.Inverts","Bottom.Feeding",0.134,0.001,0.842,0.84,"> 0.5","Yes",51,0,0,0,0,"0 - 0","Anseriformes","> 50","No","LC",1097.5,"No","No",NA
22697925,"Tahiti Petrel","Pseudobulweria_rostrata","Petrels, shearwaters","Procellariidae","Procellariiformes","2010s","A","Cephalopods","Surface.Seizing",0.482,0.001,0.995,0.99,"> 0.5","Yes",189,0.008,0.007,0,0.015,"0.015 - 0","Procellariiformes","> 50","No","NT",409,"Yes","No",NA
22694847,"Thick-billed Murre","Uria_lomvia","Auks","Alcidae","Charadriiformes","2010s","A","Fish","Pursuit.Diving",0.072,0.001,0.402,0.4,"< 0.5","Yes",2576,0.103,0.248,0,1,"1 - 0","Charadriiformes","> 50","No","LC",964,"Yes","No",NA
22698119,"Slender-billed Prion","Pachyptila_belcheri","Petrels, shearwaters","Procellariidae","Procellariiformes","2010s","A","Crustaceans","Skimming",0.752,0.063,1.001,0.94,"> 0.5","Yes",279,0.646,0.31,0,1,"1 - 0","Procellariiformes","> 50","No","LC",145,"Yes","No","N"
22698005,"Trindade Petrel","Pterodroma_arminjoniana","Petrels, shearwaters","Procellariidae","Procellariiformes","2010s","A","Cephalopods","Dipping",0.27,0.001,0.947,0.95,"> 0.5","Yes",23,0,0,0,0,"0 - 0","Procellariiformes","< 50","No","VU",394,"Yes","No",NA
22728364,"Tristan Albatross","Diomedea_dabbenena","Albatrosses","Diomedeidae","Procellariiformes","2010s","A","Cephalopods","Surface.Seizing",0.436,0.001,0.99,0.99,"> 0.5","Yes",14,0.082,0.165,0,0.33,"0.33 - 0","Procellariiformes","< 50","No","CR",7000,"Yes","No",NA
22698535,"Tristram's Storm-petrel","Oceanodroma_tristrami","Northern storm-petrels","Hydrobatidae","Procellariiformes","2010s","A","Fish","Pattering",0.184,0.001,0.887,0.89,"> 0.5","Yes",106,0.556,0.417,0.1,1,"1 - 0.1","Procellariiformes","> 50","No","NT",92,"Yes","No",NA
22694934,"Tufted Puffin","Fratercula_cirrhata","Auks","Alcidae","Charadriiformes","2010s","A","Fish","Pursuit.Diving",0.068,0.001,0.419,0.42,"< 0.5","Yes",846,0.319,0.388,0,0.88,"0.88 - 0","Charadriiformes","> 50","No","LC",775,"Yes","No",NA
22698305,"Wandering Albatross","Diomedea_exulans","Albatrosses","Diomedeidae","Procellariiformes","2010s","A","Cephalopods","Surface.Seizing",0.405,0.001,0.961,0.96,"> 0.5","Yes",297,0.153,0.302,0,1,"1 - 0","Procellariiformes","> 50","No","VU",6300,"Yes","No","N"
22698320,"Waved Albatross","Phoebastria_irrorata","Albatrosses","Diomedeidae","Procellariiformes","2010s","A","Cephalopods","Surface.Seizing",0.436,0.001,0.997,1,"> 0.5","Yes",40,0.07,NA,0.07,0.07,"0.07 - 0.07","Procellariiformes","< 50","No","CR",3395,"Yes","No",NA
22698496,"Wedge-rumped Storm-petrel","Oceanodroma_tethys","Northern storm-petrels","Hydrobatidae","Procellariiformes","2010s","A","Fish","Pattering",0.204,0.001,0.965,0.96,"> 0.5","Yes",472,0.007,0.006,0.003,0.011,"0.011 - 0.003","Procellariiformes","> 50","No","LC",22.6,"Yes","No",NA
22698175,"Wedge-tailed Shearwater","Puffinus_pacificus","Petrels, shearwaters","Procellariidae","Procellariiformes","2010s","A","Fish","Surface.Seizing",0.451,0.001,0.998,1,"> 0.5","Yes",1018,0.194,0.206,0,0.769,"0.769 - 0","Procellariiformes","> 50","No","LC",388,"Yes","No",NA
22694918,"Whiskered Auklet","Aethia_pygmaea","Auks","Alcidae","Charadriiformes","2010s","A","Crustaceans","Pursuit.Diving",0.076,0.001,0.518,0.52,"> 0.5","Yes",516,0.002,0.01,0,0.04,"0.04 - 0","Charadriiformes","> 50","No","LC",112,"No","Yes",NA
22694821,"Common White Tern","Gygis_alba","Gulls, terns, skimmers","Laridae","Charadriiformes","2010s","A","Fish","Dipping",0.549,0.017,1.001,0.98,"> 0.5","Yes",287,0.025,0.056,0,0.125,"0.125 - 0","Charadriiformes","> 50","No","LC",111,"Yes","No",NA
22698465,"White-bellied Storm-petrel","Fregetta_grallaria","Southern storm-petrels","Oceanitidae","Procellariiformes","2010s","A","Fish","Pattering",0.223,0.001,0.957,0.96,"> 0.5","Yes",147,0.206,0.207,0,0.385,"0.385 - 0","Procellariiformes","> 50","No","LC",52,"Yes","No",NA
22729609,"White-capped Albatross","Thalassarche_steadi","Albatrosses","Diomedeidae","Procellariiformes","2010s","A","Fish","Surface.Seizing",0.454,0.001,0.997,1,"> 0.5","Yes",209,0.003,0.006,0,0.01,"0.01 - 0","Procellariiformes","> 50","No","NT",3940,"Yes","No",NA
22698140,"White-chinned Petrel","Procellaria_aequinoctialis","Petrels, shearwaters","Procellariidae","Procellariiformes","2010s","A","Fish","Surface.Seizing",0.474,0.001,0.996,1,"> 0.5","Yes",1924,0.212,0.326,0,1,"1 - 0","Procellariiformes","> 50","No","VU",1213,"Yes","No","Y"
22698453,"White-faced Storm-petrel","Pelagodroma_marina","Southern storm-petrels","Oceanitidae","Procellariiformes","2010s","A","Crustaceans","Pattering",0.221,0.001,0.95,0.95,"> 0.5","Yes",389,0.881,0.124,0.692,1,"1 - 0.692","Procellariiformes","> 50","No","LC",47.2,"Yes","No",NA
22697957,"White-necked Petrel","Pterodroma_cervicalis","Petrels, shearwaters","Procellariidae","Procellariiformes","2010s","A","Cephalopods","Surface.Seizing",0.45,0.001,0.997,1,"> 0.5","Yes",24,0.046,0.053,0,0.1,"0.1 - 0","Procellariiformes","< 50","No","VU",445,"Yes","No",NA
22696645,"White-tailed Tropicbird","Phaethon_lepturus","Tropicbirds","Phaethontidae","Phaethontiformes","2010s","A","Fish","Surface.Plunging",0.242,0.001,0.863,0.86,"> 0.5","Yes",6,0.111,0.192,0,0.333,"0.333 - 0","Phaethontiformes","< 50","No","LC",334,"Yes","No",NA
22698471,"Polynesian Storm-petrel","Nesofregetta_fuliginosa","Southern storm-petrels","Oceanitidae","Procellariiformes","2010s","A","Crustaceans","Pattering",0.42,0.001,0.971,0.97,"> 0.5","Yes",22,0,0,0,0,"0 - 0","Procellariiformes","< 50","No","EN",70,"No","No",NA
22724836,"Velvet Scoter","Melanitta_fusca","Ducks, geese, swans","Anatidae","Anseriformes","2010s","A","Crustaceans","Bottom.Feeding",0.081,0.001,0.556,0.56,"> 0.5","Yes",5,0,NA,0,0,"0 - 0","Anseriformes","< 50","No","VU",1578,"No","No",NA
22698436,"Wilson's Storm-petrel","Oceanites_oceanicus","Southern storm-petrels","Oceanitidae","Procellariiformes","2010s","A","Crustaceans","Dipping",0.206,0.001,0.806,0.8,"> 0.5","Yes",265,0.331,0.277,0,0.81,"0.81 - 0","Procellariiformes","> 50","No","LC",32,"Yes","No","Y"
62101215,"Guadalupe Murrelet","Synthliboramphus_hypoleucus","Auks","Alcidae","Charadriiformes","2010s","A","Fish","Pursuit.Diving",0.263,0.001,0.907,0.91,"> 0.5","Yes",6,0,NA,0,0,"0 - 0","Charadriiformes","< 50","No","EN",167,"No","No",NA
22698230,"Yelkouan Shearwater","Puffinus_yelkouan","Petrels, shearwaters","Procellariidae","Procellariiformes","2010s","A","Fish","Pursuit.Plunging",0.573,0.026,1,0.97,"> 0.5","Yes",31,0.71,NA,0.71,0.71,"0.71 - 0.71","Procellariiformes","< 50","No","VU",382.5,"Yes","No",NA
22697800,"Yellow-eyed Penguin","Megadyptes_antipodes","Penguins","Spheniscidae","Sphenisciformes","2010s","A","Fish","Pursuit.Diving",0.472,0.008,0.962,0.95,"> 0.5","Yes",124,0,NA,0,0,"0 - 0","Sphenisciformes","> 50","No","EN",5330,"Yes","No",NA
62030970,"Yellow-legged Gull","Larus_michahellis","Gulls, terns, skimmers","Laridae","Charadriiformes","2010s","A","Fish","Surface.Plunging",0.69,0.066,1.001,0.93,"> 0.5","Yes",88,0.215,0.21,0,0.667,"0.667 - 0","Charadriiformes","> 50","No","LC",1000,"No","Yes",NA
22697738,"Lesser Frigatebird","Fregata_ariel","Frigatebirds","Fregatidae","Suliformes","2010s","A","Fish","Dipping",0.214,0.001,0.801,0.8,"> 0.5","Yes",1,0,NA,0,0,"0 - 0","Suliformes","< 50","No","LC",806,"Yes","No",NA
62021891,"Silver Gull","Larus_novaehollandiae","Gulls, terns, skimmers","Laridae","Charadriiformes","2010s","A","Crustaceans","Surface.Seizing",0.788,0.13,1.001,0.87,"> 0.5","Yes",24,0.083,0,0.083,0.083,"0.083 - 0.083","Charadriiformes","< 50","Yes","LC",288.5,"Yes","Yes",NA
22696675,"Australasian Gannet","Morus_serrator","Gannets, boobies","Sulidae","Suliformes","2010s","A","Fish","Surface.Plunging",0.491,0.001,0.996,1,"> 0.5","Yes",14,0,0,0,0,"0 - 0","Suliformes","< 50","No","LC",2350,"Yes","No",NA
22697608,"Australian Pelican","Pelecanus_conspicillatus","Pelicans","Pelecanidae","Pelecaniformes","2010s","A","Fish","Surface.Plunging",0.488,0.001,0.995,0.99,"> 0.5","Yes",17,0.2,0.2,0,0.4,"0.4 - 0","Pelecaniformes","< 50","No","LC",5400,"No","No",NA
22698055,"White-headed Petrel","Pterodroma_lessonii","Petrels, shearwaters","Procellariidae","Procellariiformes","2010s","A","Cephalopods","Surface.Seizing",0.464,0.001,0.996,1,"> 0.5","Yes",8,0.214,0.393,0,1,"1 - 0","Procellariiformes","< 50","No","LC",695,"Yes","No",NA
22697970,"White-winged Petrel","Pterodroma_leucoptera","Petrels, shearwaters","Procellariidae","Procellariiformes","2010s","A","Cephalopods","Surface.Seizing",0.467,0.001,0.997,1,"> 0.5","Yes",10,0.556,0.502,0,1,"1 - 0","Procellariiformes","< 50","No","VU",185,"Yes","No",NA
22698249,"Fluttering Shearwater","Puffinus_gavia","Petrels, shearwaters","Procellariidae","Procellariiformes","2010s","A","Fish","Pursuit.Plunging",0.845,0.218,1.001,0.78,"> 0.5","Yes",81,0.338,0.443,0,1,"1 - 0","Procellariiformes","> 50","No","LC",229,"No","No",NA
22698252,"Hutton's Shearwater","Puffinus_huttoni","Petrels, shearwaters","Procellariidae","Procellariiformes","2010s","A","Fish","Pursuit.Plunging",0.89,0.491,1.001,0.51,"> 0.5","Yes",6,0,0,0,0,"0 - 0","Procellariiformes","< 50","Yes","EN",310,"Yes","No",NA
22694656,"Little Tern","Sterna_albifrons","Gulls, terns, skimmers","Laridae","Charadriiformes","2010s","A","Fish","Surface.Plunging",0.499,0.001,0.982,0.98,"> 0.5","Yes",4,0,0,0,0,"0 - 0","Charadriiformes","< 50","No","LC",48.5,"No","No",NA
22694691,"Fairy Tern","Sterna_nereis","Gulls, terns, skimmers","Laridae","Charadriiformes","2010s","A","Fish","Surface.Plunging",0.82,0.137,1.001,0.86,"> 0.5","Yes",1,0,NA,0,0,"0 - 0","Charadriiformes","< 50","Yes","VU",38.2,"No","No",NA
22728349,"Campbell Albatross","Thalassarche_impavida","Albatrosses","Diomedeidae","Procellariiformes","2010s","A","Fish","Surface.Seizing",0.478,0.001,0.995,0.99,"> 0.5","Yes",4,0,0,0,0,"0 - 0","Procellariiformes","< 50","No","VU",2975,"Yes","No",NA
22698393,"Chatham Albatross","Thalassarche_eremita","Albatrosses","Diomedeidae","Procellariiformes","2010s","A","Cephalopods","Surface.Seizing",0.451,0.001,0.997,1,"> 0.5","Yes",1,0,NA,0,0,"0 - 0","Procellariiformes","< 50","No","VU",3825,"Yes","No",NA
22698155,"Westland Petrel","Procellaria_westlandica","Petrels, shearwaters","Procellariidae","Procellariiformes","2010s","A","Cephalopods","Surface.Seizing",0.392,0.001,0.969,0.97,"> 0.5","Yes",15,0.071,0.189,0,0.5,"0.5 - 0","Procellariiformes","< 50","No","VU",1000,"Yes","No",NA
22696649,"Abbott's Booby","Papasula_abbotti","Gannets, boobies","Sulidae","Suliformes","2010s","A","Fish","Surface.Plunging",0.526,0.001,1.001,1,"> 0.5","No",0,NA,NA,NA,NA,NA,"Suliformes","< 50","No","EN",1551.5,"Yes","No",NA
22694262,"African Skimmer","Rynchops_flavirostris","Gulls, terns, skimmers","Laridae","Charadriiformes","2010s","A","Fish","Skimming",0.669,0.006,1.001,0.99,"> 0.5","No",0,NA,NA,NA,NA,NA,"Charadriiformes","< 50","Yes","NT",164,"Yes","No",NA
22697611,"American White Pelican","Pelecanus_erythrorhynchos","Pelicans","Pelecanidae","Pelecaniformes","2010s","A","Fish","Surface.Seizing",0.694,0.007,1.001,0.99,"> 0.5","No",0,NA,NA,NA,NA,NA,"Pelecaniformes","< 50","Yes","LC",5649.5,"No","No",NA
22698310,"Amsterdam Albatross","Diomedea_amsterdamensis","Albatrosses","Diomedeidae","Procellariiformes","2010s","A","Fish","Surface.Seizing",0.615,0.003,1.001,1,"> 0.5","No",0,NA,NA,NA,NA,NA,"Procellariiformes","< 50","Yes","CR",6270,"Yes","No",NA
22694440,"Andean Gull","Larus_serranus","Gulls, terns, skimmers","Laridae","Charadriiformes","2010s","A","Other.Inverts","Surface.Seizing",0.647,0.005,1.001,1,"> 0.5","No",0,NA,NA,NA,NA,NA,"Charadriiformes","< 50","Yes","LC",478,"No","No",NA
22697834,"Arctic Loon","Gavia_arctica","Loons/divers","Gaviidae","Gaviiformes","2010s","A","Fish","Pursuit.Diving",0.507,0.001,1.001,1,"> 0.5","No",0,NA,NA,NA,NA,NA,"Gaviiformes","< 50","No","LC",3079.5,"No","No",NA
22694357,"Armenian Gull","Larus_armenicus","Gulls, terns, skimmers","Laridae","Charadriiformes","2010s","A","Fish","Surface.Seizing",0.671,0.003,1.001,1,"> 0.5","No",0,NA,NA,NA,NA,NA,"Charadriiformes","< 50","Yes","NT",867,"No","No",NA
22697728,"Ascension Frigatebird","Fregata_aquila","Frigatebirds","Fregatidae","Suliformes","2010s","A","Fish","Dipping",0.438,0.001,1,1,"> 0.5","No",0,NA,NA,NA,NA,NA,"Suliformes","< 50","No","VU",1620,"No","No",NA
22698562,"Ashy Storm-petrel","Oceanodroma_homochroa","Northern storm-petrels","Hydrobatidae","Procellariiformes","2010s","A","Crustaceans","Dipping",0.586,0.001,1.001,1,"> 0.5","No",0,NA,NA,NA,NA,NA,"Procellariiformes","< 50","No","EN",36.9,"Yes","No",NA
22696869,"Auckland Shag","Phalacrocorax_colensoi","Cormorants","Phalacrocoracidae","Suliformes","2010s","A","Cephalopods","Pursuit.Diving",0.077,0.001,0.661,0.66,"> 0.5","No",0,NA,NA,NA,NA,NA,"Suliformes","< 50","No","VU",2000,"Yes","No",NA
45959182,"Audubon's Shearwater","Puffinus_lherminieri","Petrels, shearwaters","Procellariidae","Procellariiformes","2010s","A","Fish","Pursuit.Plunging",0.867,0.238,1.001,0.76,"> 0.5","No",0,NA,NA,NA,NA,NA,"Procellariiformes","< 50","Yes","LC",200,"No","No",NA
22698035,"Barau's Petrel","Pterodroma_baraui","Petrels, shearwaters","Procellariidae","Procellariiformes","2010s","A","Fish","Surface.Seizing",0.719,0.083,1.001,0.92,"> 0.5","No",0,NA,NA,NA,NA,NA,"Procellariiformes","< 50","Yes","EN",400,"Yes","No",NA
22697913,"Beck's Petrel","Pseudobulweria_becki","Petrels, shearwaters","Procellariidae","Procellariiformes","2010s","A","Cephalopods","Surface.Seizing",0.764,0.128,1.001,0.87,"> 0.5","No",0,NA,NA,NA,NA,NA,"Procellariiformes","< 50","Yes","CR",270.375,"Yes","No",NA
22694282,"Belcher's Gull","Larus_belcheri","Gulls, terns, skimmers","Laridae","Charadriiformes","2010s","A","Fish","Surface.Seizing",0.771,0.13,1.001,0.87,"> 0.5","No",0,NA,NA,NA,NA,NA,"Charadriiformes","< 50","Yes","LC",643,"No","Yes",NA
22698088,"Bermuda Petrel","Pterodroma_cahow","Petrels, shearwaters","Procellariidae","Procellariiformes","2010s","A","Cephalopods","Surface.Seizing",0.78,0.159,1.001,0.84,"> 0.5","No",0,NA,NA,NA,NA,NA,"Procellariiformes","< 50","Yes","EN",246,"Yes","No",NA
22694256,"Black Skimmer","Rynchops_niger","Gulls, terns, skimmers","Laridae","Charadriiformes","2010s","A","Fish","Skimming",0.797,0.147,1.001,0.85,"> 0.5","No",0,NA,NA,NA,NA,NA,"Charadriiformes","< 50","Yes","LC",301.5,"Yes","No",NA
22694711,"Black-bellied Tern","Sterna_acuticauda","Gulls, terns, skimmers","Laridae","Charadriiformes","2010s","A","Other.Inverts","Surface.Plunging",0.547,0.038,0.998,0.96,"> 0.5","No",0,NA,NA,NA,NA,NA,"Charadriiformes","< 50","No","EN",NA,"No","No",NA
22694413,"Black-billed Gull","Larus_bulleri","Gulls, terns, skimmers","Laridae","Charadriiformes","2010s","A","Other.Inverts","Surface.Seizing",0.793,0.249,1,0.75,"> 0.5","No",0,NA,NA,NA,NA,NA,"Charadriiformes","< 50","Yes","EN",230.5,"No","No",NA
22698092,"Black-capped Petrel","Pterodroma_hasitata","Petrels, shearwaters","Procellariidae","Procellariiformes","2010s","A","Cephalopods","Surface.Seizing",0.903,0.562,1.001,0.44,"< 0.5","No",0,NA,NA,NA,NA,NA,"Procellariiformes","< 50","Yes","EN",278,"Yes","No",NA
22696770,"Black-faced Cormorant","Phalacrocorax_fuscescens","Cormorants","Phalacrocoracidae","Suliformes","2010s","A","Fish","Pursuit.Diving",0.436,0.002,0.974,0.97,"> 0.5","No",0,NA,NA,NA,NA,NA,"Suliformes","< 50","No","LC",1515,"No","No",NA
22694750,"Black-fronted Tern","Sterna_albostriata","Gulls, terns, skimmers","Laridae","Charadriiformes","2010s","A","Fish","Dipping",0.753,0.146,1,0.85,"> 0.5","No",0,NA,NA,NA,NA,NA,"Charadriiformes","< 50","Yes","EN",92,"No","No",NA
22694612,"Black-naped Tern","Sterna_sumatrana","Gulls, terns, skimmers","Laridae","Charadriiformes","2010s","A","Fish","Surface.Plunging",0.807,0.148,1.001,0.85,"> 0.5","No",0,NA,NA,NA,NA,NA,"Charadriiformes","< 50","Yes","LC",106,"No","No",NA
22698246,"Black-vented Shearwater","Puffinus_opisthomelas","Petrels, shearwaters","Procellariidae","Procellariiformes","2010s","A","Fish","Surface.Plunging",0.678,0.031,1.001,0.97,"> 0.5","No",0,NA,NA,NA,NA,NA,"Procellariiformes","< 50","Yes","NT",408,"Yes","No",NA
22696683,"Blue-footed Booby","Sula_nebouxii","Gannets, boobies","Sulidae","Suliformes","2010s","A","Fish","Surface.Plunging",0.571,0.016,1,0.98,"> 0.5","No",0,NA,NA,NA,NA,NA,"Suliformes","< 50","No","LC",1542,"No","No",NA
22696876,"Bounty Shag","Phalacrocorax_ranfurlyi","Cormorants","Phalacrocoracidae","Suliformes","2010s","A","Fish","Pursuit.Diving",0.281,0.001,0.95,0.95,"> 0.5","No",0,NA,NA,NA,NA,NA,"Suliformes","< 50","No","VU",2500,"No","No",NA
22696753,"Brandt's Cormorant","Phalacrocorax_penicillatus","Cormorants","Phalacrocoracidae","Suliformes","2010s","A","Fish","Pursuit.Diving",0.229,0.001,0.887,0.89,"> 0.5","No",0,NA,NA,NA,NA,NA,"Suliformes","< 50","No","LC",2247.5,"No","No",NA
22694730,"Bridled Tern","Sterna_anaethetus","Gulls, terns, skimmers","Laridae","Charadriiformes","2010s","A","Fish","Surface.Plunging",0.414,0.001,0.97,0.97,"> 0.5","No",0,NA,NA,NA,NA,NA,"Charadriiformes","< 50","No","LC",127,"Yes","No",NA
22733989,"Brown Pelican","Pelecanus_occidentalis","Pelicans","Pelecanidae","Pelecaniformes","2010s","A","Fish","Surface.Plunging",0.136,0.001,0.647,0.65,"> 0.5","No",0,NA,NA,NA,NA,NA,"Pelecaniformes","< 50","No","LC",3438,"No","No",NA
22694384,"Brown-headed Gull","Larus_brunnicephalus","Gulls, terns, skimmers","Laridae","Charadriiformes","2010s","A","Fish","Surface.Seizing",0.45,0.001,0.969,0.97,"> 0.5","No",0,NA,NA,NA,NA,NA,"Charadriiformes","< 50","No","LC",572.5,"No","Yes",NA
22694417,"Brown-hooded Gull","Larus_maculipennis","Gulls, terns, skimmers","Laridae","Charadriiformes","2010s","A","Other.Inverts","Surface.Seizing",0.442,0.001,0.963,0.96,"> 0.5","No",0,NA,NA,NA,NA,NA,"Charadriiformes","< 50","No","LC",339,"No","No",NA
22694321,"California Gull","Larus_californicus","Gulls, terns, skimmers","Laridae","Charadriiformes","2010s","A","Other.Inverts","Surface.Seizing",0.439,0.001,0.96,0.96,"> 0.5","No",0,NA,NA,NA,NA,NA,"Charadriiformes","< 50","No","LC",606.5,"No","Yes",NA
22696840,"Campbell Shag","Phalacrocorax_campbelli","Cormorants","Phalacrocoracidae","Suliformes","2010s","A","Fish","Pursuit.Diving",0.135,0.001,0.78,0.78,"> 0.5","No",0,NA,NA,NA,NA,NA,"Suliformes","< 50","No","VU",1900,"No","No",NA
22728011,"Cape Verde Petrel","Pterodroma_feae","Petrels, shearwaters","Procellariidae","Procellariiformes","2010s","A","Cephalopods","Surface.Seizing",0.439,0.001,0.989,0.99,"> 0.5","No",0,NA,NA,NA,NA,NA,"Procellariiformes","< 50","No","NT",311,"Yes","No",NA
22735929,"Caspian Gull","Larus_cachinnans","Gulls, terns, skimmers","Laridae","Charadriiformes","2010s","A","Fish","Surface.Seizing",0.399,0.001,0.953,0.95,"> 0.5","No",0,NA,NA,NA,NA,NA,"Charadriiformes","< 50","No","LC",1090,"No","No",NA
22694524,"Caspian Tern","Sterna_caspia","Gulls, terns, skimmers","Laridae","Charadriiformes","2010s","A","Fish","Surface.Plunging",0.157,0.001,0.682,0.68,"> 0.5","No",0,NA,NA,NA,NA,NA,"Charadriiformes","< 50","No","LC",655,"No","No",NA
22697949,"Chatham Petrel","Pterodroma_axillaris","Petrels, shearwaters","Procellariidae","Procellariiformes","2010s","A","Cephalopods","Surface.Seizing",0.391,0.001,0.971,0.97,"> 0.5","No",0,NA,NA,NA,NA,NA,"Procellariiformes","< 50","No","VU",165,"Yes","No",NA
22696861,"Chatham Shag","Phalacrocorax_onslowi","Cormorants","Phalacrocoracidae","Suliformes","2010s","A","Fish","Pursuit.Diving",0.077,0.001,0.483,0.48,"< 0.5","No",0,NA,NA,NA,NA,NA,"Suliformes","< 50","No","CR",2095,"No","No",NA
22694210,"Chilean Skua","Catharacta_chilensis","Skuas","Stercorariidae","Charadriiformes","2010s","A","Fish","Surface.Seizing",0.399,0.002,0.966,0.96,"> 0.5","No",0,NA,NA,NA,NA,NA,"Charadriiformes","< 50","No","LC",1368.5,"No","Yes",NA
22694585,"Chinese Crested Tern","Sterna_bernsteini","Gulls, terns, skimmers","Laridae","Charadriiformes","2010s","A","Fish","Surface.Plunging",0.181,0.001,0.782,0.78,"> 0.5","No",0,NA,NA,NA,NA,NA,"Charadriiformes","< 50","No","CR",284,"No","No",NA
22697742,"Christmas Frigatebird","Fregata_andrewsi","Frigatebirds","Fregatidae","Suliformes","2010s","A","Fish","Dipping",0.581,0.035,1,0.96,"> 0.5","No",0,NA,NA,NA,NA,NA,"Suliformes","< 50","No","CR",1475,"Yes","No",NA
62026481,"Common Gull-billed Tern","Sterna_nilotica","Gulls, terns, skimmers","Laridae","Charadriiformes","2010s","A","Other.Inverts","Surface.Seizing",0.886,0.403,1.001,0.6,"> 0.5","No",0,NA,NA,NA,NA,NA,"Charadriiformes","< 50","Yes","LC",180,"No","Yes",NA
22724879,"Common Scoter","Melanitta_nigra","Ducks, geese, swans","Anatidae","Anseriformes","2010s","A","Other.Inverts","Bottom.Feeding",0.228,0.001,0.903,0.9,"> 0.5","No",0,NA,NA,NA,NA,NA,"Anseriformes","< 50","No","LC",1077,"No","No",NA
22694887,"Craveri's Murrelet","Synthliboramphus_craveri","Auks","Alcidae","Charadriiformes","2010s","A","Fish","Pursuit.Diving",0.297,0.001,0.922,0.92,"> 0.5","No",0,NA,NA,NA,NA,NA,"Charadriiformes","< 50","No","VU",151,"Yes","No",NA
22697599,"Dalmatian Pelican","Pelecanus_crispus","Pelicans","Pelecanidae","Pelecaniformes","2010s","A","Fish","Surface.Seizing",0.745,0.131,1.001,0.87,"> 0.5","No",0,NA,NA,NA,NA,NA,"Pelecaniformes","< 50","Yes","VU",9550,"No","No",NA
22694699,"Damara Tern","Sterna_balaenarum","Gulls, terns, skimmers","Laridae","Charadriiformes","2010s","A","Fish","Surface.Plunging",0.464,0.003,0.979,0.98,"> 0.5","No",0,NA,NA,NA,NA,NA,"Charadriiformes","< 50","No","VU",60,"Yes","No",NA
22694271,"Dolphin Gull","Leucophaeus_scoresbii","Gulls, terns, skimmers","Laridae","Charadriiformes","2010s","A","Carrion.Birds","Scavenging",0.283,0.001,0.882,0.88,"> 0.5","No",0,NA,NA,NA,NA,NA,"Charadriiformes","< 50","No","LC",524.25,"No","Yes",NA
22694552,"Elegant Tern","Sterna_elegans","Gulls, terns, skimmers","Laridae","Charadriiformes","2010s","A","Fish","Surface.Plunging",0.783,0.157,1.001,0.84,"> 0.5","No",0,NA,NA,NA,NA,NA,"Charadriiformes","< 50","Yes","NT",260,"No","No",NA
22697789,"Erect-crested Penguin","Eudyptes_sclateri","Penguins","Spheniscidae","Sphenisciformes","2010s","A","Cephalopods","Pursuit.Diving",0.06,0.001,0.289,0.29,"< 0.5","No",0,NA,NA,NA,NA,NA,"Sphenisciformes","< 50","No","EN",5908,"Yes","No",NA
22697776,"Fiordland Penguin","Eudyptes_pachyrhynchus","Penguins","Spheniscidae","Sphenisciformes","2010s","A","Cephalopods","Pursuit.Diving",0.278,0.001,0.97,0.97,"> 0.5","No",0,NA,NA,NA,NA,NA,"Sphenisciformes","< 50","No","VU",3910,"Yes","No",NA
22696756,"Flightless Cormorant","Phalacrocorax_harrisi","Cormorants","Phalacrocoracidae","Suliformes","2010s","A","Fish","Pursuit.Diving",0.283,0.001,0.969,0.97,"> 0.5","No",0,NA,NA,NA,NA,NA,"Suliformes","< 50","No","VU",3050,"Yes","No",NA
22694646,"Forster's Tern","Sterna_forsteri","Gulls, terns, skimmers","Laridae","Charadriiformes","2010s","A","Fish","Surface.Plunging",0.577,0.017,1.001,0.98,"> 0.5","No",0,NA,NA,NA,NA,NA,"Charadriiformes","< 50","No","LC",149,"No","No",NA
22694462,"Franklin's Gull","Larus_pipixcan","Gulls, terns, skimmers","Laridae","Charadriiformes","2010s","A","Other.Inverts","Surface.Seizing",0.721,0.07,1.001,0.93,"> 0.5","No",0,NA,NA,NA,NA,NA,"Charadriiformes","< 50","Yes","LC",280,"No","Yes",NA
22698128,"Fulmar Prion","Pachyptila_crassirostris","Petrels, shearwaters","Procellariidae","Procellariiformes","2010s","A","Crustaceans","Skimming",0.665,0.058,1.001,0.94,"> 0.5","No",0,NA,NA,NA,NA,NA,"Procellariiformes","< 50","Yes","LC",142,"Yes","No",NA
22697825,"Galapagos Penguin","Spheniscus_mendiculus","Penguins","Spheniscidae","Sphenisciformes","2010s","A","Fish","Pursuit.Diving",0.231,0.001,0.808,0.81,"> 0.5","No",0,NA,NA,NA,NA,NA,"Sphenisciformes","< 50","No","EN",1932.5,"No","No",NA
22696782,"Great Pied Cormorant","Phalacrocorax_varius","Cormorants","Phalacrocoracidae","Suliformes","2010s","A","Fish","Pursuit.Diving",0.165,0.001,0.797,0.8,"> 0.5","No",0,NA,NA,NA,NA,NA,"Suliformes","< 50","No","LC",1955.5,"No","No",NA
22697590,"Great White Pelican","Pelecanus_onocrotalus","Pelicans","Pelecanidae","Pelecaniformes","2010s","A","Fish","Surface.Seizing",0.565,0.03,1.001,0.97,"> 0.5","No",0,NA,NA,NA,NA,NA,"Pelecaniformes","< 50","No","LC",9520,"No","No",NA
22694292,"Grey Gull","Larus_modestus","Gulls, terns, skimmers","Laridae","Charadriiformes","2010s","A","Crustaceans","Surface.Plunging",0.547,0.009,1.001,0.99,"> 0.5","No",0,NA,NA,NA,NA,NA,"Charadriiformes","< 50","No","LC",344,"No","No",NA
22733705,"Grey Noddy","Procelsterna_albivitta","Gulls, terns, skimmers","Laridae","Charadriiformes","2010s","A","Crustaceans","Dipping",0.642,0.021,1.001,0.98,"> 0.5","No",0,NA,NA,NA,NA,NA,"Charadriiformes","< 50","Yes","LC",72.2,"Yes","No",NA
22694387,"Grey-headed Gull","Larus_cirrocephalus","Gulls, terns, skimmers","Laridae","Charadriiformes","2010s","A","Fish","Surface.Plunging",0.491,0.001,0.975,0.97,"> 0.5","No",0,NA,NA,NA,NA,NA,"Charadriiformes","< 50","No","LC",460,"No","Yes",NA
22696810,"Guanay Cormorant","Phalacrocorax_bougainvillii","Cormorants","Phalacrocoracidae","Suliformes","2010s","A","Fish","Pursuit.Diving",0.295,0.001,0.936,0.94,"> 0.5","No",0,NA,NA,NA,NA,NA,"Suliformes","< 50","No","NT",2485,"No","No",NA
22698017,"Hawaiian Petrel","Pterodroma_sandwichensis","Petrels, shearwaters","Procellariidae","Procellariiformes","2010s","A","Cephalopods","Surface.Seizing",0.928,0.652,1.001,0.35,"< 0.5","No",0,NA,NA,NA,NA,NA,"Procellariiformes","< 50","Yes","VU",434,"Yes","No",NA
22698012,"Herald Petrel","Pterodroma_heraldica","Petrels, shearwaters","Procellariidae","Procellariiformes","2010s","A","Cephalopods","Dipping",0.636,0.037,1.001,0.96,"> 0.5","No",0,NA,NA,NA,NA,NA,"Procellariiformes","< 50","Yes","LC",266,"Yes","No",NA
22694834,"Inca Tern","Larosterna_inca","Gulls, terns, skimmers","Laridae","Charadriiformes","2010s","A","Fish","Surface.Plunging",0.261,0.001,0.895,0.89,"> 0.5","No",0,NA,NA,NA,NA,NA,"Charadriiformes","< 50","No","NT",219,"No","No",NA
22696779,"Indian Cormorant","Phalacrocorax_fuscicollis","Cormorants","Phalacrocoracidae","Suliformes","2010s","A","Fish","Pursuit.Diving",0.291,0.001,0.928,0.93,"> 0.5","No",0,NA,NA,NA,NA,NA,"Suliformes","< 50","No","LC",706,"No","No",NA
22694268,"Indian Skimmer","Rynchops_albicollis","Gulls, terns, skimmers","Laridae","Charadriiformes","2010s","A","Fish","Skimming",0.596,0.026,1.001,0.97,"> 0.5","No",0,NA,NA,NA,NA,NA,"Charadriiformes","< 50","No","VU",232.5,"Yes","No",NA
22698097,"Jamaican Petrel","Pterodroma_caribbaea","Petrels, shearwaters","Procellariidae","Procellariiformes","2010s","A","Cephalopods","Surface.Seizing",0.615,0.042,1.001,0.96,"> 0.5","No",0,NA,NA,NA,NA,NA,"Procellariiformes","< 50","Yes","CR (PE)",NA,"Yes","No",NA
22696799,"Japanese Cormorant","Phalacrocorax_capillatus","Cormorants","Phalacrocoracidae","Suliformes","2010s","A","Fish","Pursuit.Diving",0.334,0.001,0.986,0.98,"> 0.5","No",0,NA,NA,NA,NA,NA,"Suliformes","< 50","No","LC",2820,"No","No",NA
22694899,"Japanese Murrelet","Synthliboramphus_wumizusume","Auks","Alcidae","Charadriiformes","2010s","A","Crustaceans","Pursuit.Diving",0.333,0.001,0.989,0.99,"> 0.5","No",0,NA,NA,NA,NA,NA,"Charadriiformes","< 50","No","VU",198,"No","No",NA
22698136,"Jouanin's Petrel","Bulweria_fallax","Petrels, shearwaters","Procellariidae","Procellariiformes","2010s","A","Cephalopods","Pattering",0.5,0.005,1.001,1,"> 0.5","No",0,NA,NA,NA,NA,NA,"Procellariiformes","< 50","No","NT",173,"Yes","No",NA
22694641,"Kerguelen Tern","Sterna_virgata","Gulls, terns, skimmers","Laridae","Charadriiformes","2010s","A","Fish","Dipping",0.828,0.237,1.001,0.76,"> 0.5","No",0,NA,NA,NA,NA,NA,"Charadriiformes","< 50","Yes","NT",126,"No","No",NA
22694791,"Large-billed Tern","Phaetusa_simplex","Gulls, terns, skimmers","Laridae","Charadriiformes","2010s","A","Fish","Dipping",0.612,0.047,1,0.95,"> 0.5","No",0,NA,NA,NA,NA,NA,"Charadriiformes","< 50","Yes","LC",235,"No","No",NA
22694455,"Laughing Gull","Larus_atricilla","Gulls, terns, skimmers","Laridae","Charadriiformes","2010s","A","Other.Inverts","Surface.Seizing",0.85,0.38,1.001,0.62,"> 0.5","No",0,NA,NA,NA,NA,NA,"Charadriiformes","< 50","Yes","LC",308,"No","No",NA
22694452,"Lava Gull","Larus_fuliginosus","Gulls, terns, skimmers","Laridae","Charadriiformes","2010s","A","Carrion.Birds","Scavenging",0.452,0.032,0.867,0.84,"> 0.5","No",0,NA,NA,NA,NA,NA,"Charadriiformes","< 50","No","VU",380,"No","No",NA
22694921,"Least Auklet","Aethia_pusilla","Auks","Alcidae","Charadriiformes","2010s","A","Crustaceans","Pursuit.Diving",0.421,0.001,0.974,0.97,"> 0.5","No",0,NA,NA,NA,NA,NA,"Charadriiformes","< 50","No","LC",84,"No","No",NA
22698485,"Least Storm-petrel","Halocyptena_microsoma","Northern storm-petrels","Hydrobatidae","Procellariiformes","2010s","A","Crustaceans","Pattering",0.351,0.001,0.941,0.94,"> 0.5","No",0,NA,NA,NA,NA,NA,"Procellariiformes","< 50","No","LC",20.5,"No","No",NA
22694673,"Least Tern","Sterna_antillarum","Gulls, terns, skimmers","Laridae","Charadriiformes","2010s","A","Fish","Surface.Plunging",0.409,0.001,0.964,0.96,"> 0.5","No",0,NA,NA,NA,NA,NA,"Charadriiformes","< 50","No","LC",45.925,"No","No",NA
22694561,"Lesser Crested Tern","Sterna_bengalensis","Gulls, terns, skimmers","Laridae","Charadriiformes","2010s","A","Fish","Surface.Plunging",0.249,0.001,0.84,0.84,"> 0.5","No",0,NA,NA,NA,NA,NA,"Charadriiformes","< 50","No","LC",209,"No","No",NA
22696788,"Little Black Cormorant","Phalacrocorax_sulcirostris","Cormorants","Phalacrocoracidae","Suliformes","2010s","A","Fish","Pursuit.Diving",0.11,0.001,0.618,0.62,"> 0.5","No",0,NA,NA,NA,NA,NA,"Suliformes","< 50","No","LC",1000,"No","No",NA
22696740,"Little Cormorant","Phalacrocorax_niger","Cormorants","Phalacrocoracidae","Suliformes","2010s","A","Fish","Pursuit.Diving",0.098,0.001,0.512,0.51,"> 0.5","No",0,NA,NA,NA,NA,NA,"Suliformes","< 50","No","LC",427,"No","No",NA
22694469,"Little Gull","Larus_minutus","Gulls, terns, skimmers","Laridae","Charadriiformes","2010s","A","Other.Inverts","Dipping",0.287,0.001,0.866,0.86,"> 0.5","No",0,NA,NA,NA,NA,NA,"Charadriiformes","< 50","No","LC",118,"No","No",NA
22696743,"Little Pied Cormorant","Phalacrocorax_melanoleucos","Cormorants","Phalacrocoracidae","Suliformes","2010s","A","Fish","Pursuit.Diving",0.097,0.001,0.561,0.56,"> 0.5","No",0,NA,NA,NA,NA,NA,"Suliformes","< 50","No","LC",693.5,"No","Yes",NA
22694830,"Little White Tern","Gygis_microrhyncha","Gulls, terns, skimmers","Laridae","Charadriiformes","2010s","A","Fish","Dipping",0.504,0.002,0.978,0.98,"> 0.5","No",0,NA,NA,NA,NA,NA,"Charadriiformes","< 50","No","LC",99.5,"Yes","No",NA
22729000,"Long-billed Murrelet","Brachyramphus_perdix","Auks","Alcidae","Charadriiformes","2010s","A","Fish","Pursuit.Diving",0.216,0.001,0.859,0.86,"> 0.5","No",0,NA,NA,NA,NA,NA,"Charadriiformes","< 50","No","NT",296,"No","No",NA
22696725,"Long-tailed Cormorant","Phalacrocorax_africanus","Cormorants","Phalacrocoracidae","Suliformes","2010s","A","Fish","Pursuit.Diving",0.259,0.001,0.912,0.91,"> 0.5","No",0,NA,NA,NA,NA,NA,"Suliformes","< 50","No","LC",545,"No","No",NA
22698049,"Magenta Petrel","Pterodroma_magentae","Petrels, shearwaters","Procellariidae","Procellariiformes","2010s","A","Cephalopods","Surface.Seizing",0.956,0.768,1.001,0.23,"< 0.5","No",0,NA,NA,NA,NA,NA,"Procellariiformes","< 50","Yes","CR",465,"Yes","No",NA
22697990,"Masatierra Petrel","Pterodroma_defilippiana","Petrels, shearwaters","Procellariidae","Procellariiformes","2010s","A","Cephalopods","Surface.Seizing",0.761,0.113,1.001,0.89,"> 0.5","No",0,NA,NA,NA,NA,NA,"Procellariiformes","< 50","Yes","VU",169,"Yes","No",NA
22735624,"Monteiro's Storm-petrel","Oceanodroma_monteiroi","Northern storm-petrels","Hydrobatidae","Procellariiformes","2010s","A","Fish","Dipping",0.596,0.026,1,0.97,"> 0.5","No",0,NA,NA,NA,NA,NA,"Procellariiformes","< 50","No","VU",45.3,"Yes","No",NA
22728990,"Nazca Booby","Sula_granti","Gannets, boobies","Sulidae","Suliformes","2010s","A","Fish","Surface.Plunging",0.549,0.001,0.992,0.99,"> 0.5","No",0,NA,NA,NA,NA,NA,"Suliformes","< 50","No","LC",1754,"Yes","No",NA
22696773,"Neotropical Cormorant","Phalacrocorax_brasilianus","Cormorants","Phalacrocoracidae","Suliformes","2010s","A","Fish","Pursuit.Diving",0.279,0.001,0.891,0.89,"> 0.5","No",0,NA,NA,NA,NA,NA,"Suliformes","< 50","No","LC",1210,"No","No",NA
22728808,"New Zealand Storm-petrel","Oceanites_maorianus","Southern storm-petrels","Oceanitidae","Procellariiformes","2010s","A","Crustaceans","Dipping",0.752,0.104,1.001,0.9,"> 0.5","No",0,NA,NA,NA,NA,NA,"Procellariiformes","< 50","Yes","CR",35,"No","No",NA
22694286,"Olrog's Gull","Larus_atlanticus","Gulls, terns, skimmers","Laridae","Charadriiformes","2010s","A","Crustaceans","Dipping",0.449,0.001,0.993,0.99,"> 0.5","No",0,NA,NA,NA,NA,NA,"Charadriiformes","< 50","No","NT",846.5,"No","Yes",NA
22694279,"Pacific Gull","Larus_pacificus","Gulls, terns, skimmers","Laridae","Charadriiformes","2010s","A","Fish","Scavenging",0.25,0.001,0.923,0.92,"> 0.5","No",0,NA,NA,NA,NA,NA,"Charadriiformes","< 50","No","LC",1313.5,"No","No",NA
22694379,"Pallas's Gull","Larus_ichthyaetus","Gulls, terns, skimmers","Laridae","Charadriiformes","2010s","A","Fish","Scavenging",0.256,0.001,0.925,0.92,"> 0.5","No",0,NA,NA,NA,NA,NA,"Charadriiformes","< 50","No","LC",1394,"No","Yes",NA
22696686,"Peruvian Booby","Sula_variegata","Gannets, boobies","Sulidae","Suliformes","2010s","A","Fish","Surface.Plunging",0.555,0.008,1.001,0.99,"> 0.5","No",0,NA,NA,NA,NA,NA,"Suliformes","< 50","No","LC",1435,"Yes","No",NA
22698280,"Peruvian Diving-petrel","Pelecanoides_garnotii","Petrels, shearwaters","Procellariidae","Procellariiformes","2010s","A","Crustaceans","Pursuit.Diving",0.313,0.001,0.966,0.96,"> 0.5","No",0,NA,NA,NA,NA,NA,"Procellariiformes","< 50","No","EN",207,"No","No",NA
22697619,"Peruvian Pelican","Pelecanus_thagus","Pelicans","Pelecanidae","Pelecaniformes","2010s","A","Fish","Surface.Seizing",0.736,0.062,1.001,0.94,"> 0.5","No",0,NA,NA,NA,NA,NA,"Pelecaniformes","< 50","Yes","NT",6000,"Yes","No",NA
22694685,"Peruvian Tern","Sterna_lorata","Gulls, terns, skimmers","Laridae","Charadriiformes","2010s","A","Fish","Surface.Plunging",0.517,0.005,1.001,1,"> 0.5","No",0,NA,NA,NA,NA,NA,"Charadriiformes","< 50","No","EN",53.8,"No","No",NA
22697595,"Pink-backed Pelican","Pelecanus_rufescens","Pelicans","Pelecanidae","Pelecaniformes","2010s","A","Fish","Surface.Seizing",0.795,0.094,1.001,0.91,"> 0.5","No",0,NA,NA,NA,NA,NA,"Pelecaniformes","< 50","Yes","LC",5445,"No","No",NA
22696907,"Pitt Shag","Phalacrocorax_featherstoni","Cormorants","Phalacrocoracidae","Suliformes","2010s","A","Fish","Pursuit.Diving",0.386,0.001,0.983,0.98,"> 0.5","No",0,NA,NA,NA,NA,NA,"Suliformes","< 50","No","EN",1043.5,"No","No",NA
22696734,"Pygmy Cormorant","Phalacrocorax_pygmeus","Cormorants","Phalacrocoracidae","Suliformes","2010s","A","Fish","Pursuit.Diving",0.272,0.001,0.931,0.93,"> 0.5","No",0,NA,NA,NA,NA,NA,"Suliformes","< 50","No","LC",679,"No","No",NA
22696637,"Red-billed Tropicbird","Phaethon_aethereus","Tropicbirds","Phaethontidae","Phaethontiformes","2010s","A","Fish","Surface.Plunging",0.55,0.031,0.999,0.97,"> 0.5","No",0,NA,NA,NA,NA,NA,"Phaethontiformes","< 50","No","LC",750,"Yes","No",NA
22696898,"Red-legged Cormorant","Phalacrocorax_gaimardi","Cormorants","Phalacrocoracidae","Suliformes","2010s","A","Fish","Pursuit.Diving",0.438,0.001,0.973,0.97,"> 0.5","No",0,NA,NA,NA,NA,NA,"Suliformes","< 50","No","NT",1358.5,"No","No",NA
22694447,"Relict Gull","Larus_relictus","Gulls, terns, skimmers","Laridae","Charadriiformes","2010s","A","Other.Inverts","Surface.Seizing",0.796,0.133,1.001,0.87,"> 0.5","No",0,NA,NA,NA,NA,NA,"Charadriiformes","< 50","Yes","VU",491,"No","No",NA
22694317,"Ring-billed Gull","Larus_delawarensis","Gulls, terns, skimmers","Laridae","Charadriiformes","2010s","A","Fish","Surface.Plunging",0.522,0.012,0.998,0.99,"> 0.5","No",0,NA,NA,NA,NA,NA,"Charadriiformes","< 50","No","LC",518.5,"Yes","Yes",NA
22696883,"Rock Shag","Phalacrocorax_magellanicus","Cormorants","Phalacrocoracidae","Suliformes","2010s","A","Other.Inverts","Pursuit.Diving",0.367,0.001,0.99,0.99,"> 0.5","No",0,NA,NA,NA,NA,NA,"Suliformes","< 50","No","LC",1485,"No","No",NA
22694476,"Ross's Gull","Rhodostethia_rosea","Gulls, terns, skimmers","Laridae","Charadriiformes","2010s","A","Crustaceans","Dipping",0.851,0.234,1.001,0.77,"> 0.5","No",0,NA,NA,NA,NA,NA,"Charadriiformes","< 50","Yes","LC",187,"No","No",NA
22696846,"Rough-faced Shag","Phalacrocorax_carunculatus","Cormorants","Phalacrocoracidae","Suliformes","2010s","A","Fish","Pursuit.Diving",0.593,0.011,1.001,0.99,"> 0.5","No",0,NA,NA,NA,NA,NA,"Suliformes","< 50","No","VU",2577.5,"No","No",NA
22697797,"Royal Penguin","Eudyptes_schlegeli","Penguins","Spheniscidae","Sphenisciformes","2010s","A","Crustaceans","Pursuit.Diving",0.451,0.001,0.994,0.99,"> 0.5","No",0,NA,NA,NA,NA,NA,"Sphenisciformes","< 50","No","NT",4250,"No","No",NA
22694436,"Saunders's Gull","Larus_saundersi","Gulls, terns, skimmers","Laridae","Charadriiformes","2010s","A","Crustaceans","Surface.Seizing",0.758,0.043,1.001,0.96,"> 0.5","No",0,NA,NA,NA,NA,NA,"Charadriiformes","< 50","Yes","VU",198,"No","No",NA
22694666,"Saunders's Tern","Sterna_saundersi","Gulls, terns, skimmers","Laridae","Charadriiformes","2010s","A","Fish","Surface.Plunging",0.573,0.006,1.001,0.99,"> 0.5","No",0,NA,NA,NA,NA,NA,"Charadriiformes","< 50","No","LC",42.3,"No","No",NA
22698335,"Short-tailed Albatross","Phoebastria_albatrus","Albatrosses","Diomedeidae","Procellariiformes","2010s","A","Cephalopods","Surface.Seizing",0.762,0.048,1.001,0.95,"> 0.5","No",0,NA,NA,NA,NA,NA,"Procellariiformes","< 50","Yes","VU",4411,"Yes","No",NA
22694428,"Slender-billed Gull","Larus_genei","Gulls, terns, skimmers","Laridae","Charadriiformes","2010s","A","Crustaceans","Dipping",0.634,0.028,1.001,0.97,"> 0.5","No",0,NA,NA,NA,NA,NA,"Charadriiformes","< 50","Yes","LC",281,"No","No",NA
22697782,"Snares Penguin","Eudyptes_robustus","Penguins","Spheniscidae","Sphenisciformes","2010s","A","Crustaceans","Pursuit.Diving",0.348,0.001,0.965,0.96,"> 0.5","No",0,NA,NA,NA,NA,NA,"Sphenisciformes","< 50","No","VU",3050,"Yes","No",NA
22694651,"Snowy-crowned Tern","Sterna_trudeaui","Gulls, terns, skimmers","Laridae","Charadriiformes","2010s","A","Fish","Surface.Plunging",0.588,0.014,1.001,0.99,"> 0.5","No",0,NA,NA,NA,NA,NA,"Charadriiformes","< 50","No","LC",153,"No","No",NA
22696802,"Socotra Cormorant","Phalacrocorax_nigrogularis","Cormorants","Phalacrocoracidae","Suliformes","2010s","A","Fish","Pursuit.Diving",0.278,0.001,0.949,0.95,"> 0.5","No",0,NA,NA,NA,NA,NA,"Suliformes","< 50","No","VU",NA,"No","No",NA
22694303,"Sooty Gull","Larus_hemprichii","Gulls, terns, skimmers","Laridae","Charadriiformes","2010s","A","Fish","Scavenging",0.373,0.001,0.992,0.99,"> 0.5","No",0,NA,NA,NA,NA,NA,"Charadriiformes","< 50","No","LC",455,"No","Yes",NA
22680412,"Spectacled Eider","Somateria_fischeri","Ducks, geese, swans","Anatidae","Anseriformes","2010s","A","Other.Inverts","Bottom.Feeding",0.066,0.001,0.436,0.44,"< 0.5","No",0,NA,NA,NA,NA,NA,"Anseriformes","< 50","No","LC",1558.5,"No","No",NA
22694867,"Spectacled Guillemot","Cepphus_carbo","Auks","Alcidae","Charadriiformes","2010s","A","Fish","Bottom.Feeding",0.061,0.001,0.427,0.43,"< 0.5","No",0,NA,NA,NA,NA,NA,"Charadriiformes","< 50","No","LC",490,"No","No",NA
22697604,"Spot-billed Pelican","Pelecanus_philippensis","Pelicans","Pelecanidae","Pelecaniformes","2010s","A","Fish","Surface.Seizing",0.436,0.001,0.962,0.96,"> 0.5","No",0,NA,NA,NA,NA,NA,"Pelecaniformes","< 50","No","NT",5025,"No","No",NA
22696901,"Spotted Shag","Phalacrocorax_punctatus","Cormorants","Phalacrocoracidae","Suliformes","2010s","A","Fish","Pursuit.Diving",0.077,0.001,0.428,0.43,"< 0.5","No",0,NA,NA,NA,NA,NA,"Suliformes","< 50","No","LC",1185,"No","No",NA
22680415,"Steller's Eider","Polysticta_stelleri","Ducks, geese, swans","Anatidae","Anseriformes","2010s","A","Other.Inverts","Bottom.Feeding",0.091,0.001,0.655,0.65,"> 0.5","No",0,NA,NA,NA,NA,NA,"Anseriformes","< 50","No","VU",807.5,"No","No",NA
22696853,"Stewart Shag","Phalacrocorax_chalconotus","Cormorants","Phalacrocoracidae","Suliformes","2010s","A","Fish","Pursuit.Diving",0.077,0.001,0.452,0.45,"< 0.5","No",0,NA,NA,NA,NA,NA,"Suliformes","< 50","No","VU",2265.5,"No","No",NA
22694493,"Swallow-tailed Gull","Creagrus_furcatus","Gulls, terns, skimmers","Laridae","Charadriiformes","2010s","A","Cephalopods","Surface.Seizing",0.475,0.001,0.995,0.99,"> 0.5","No",0,NA,NA,NA,NA,NA,"Charadriiformes","< 50","No","LC",687,"Yes","No",NA
22728995,"Thayer's Gull","Larus_thayeri","Gulls, terns, skimmers","Laridae","Charadriiformes","2010s","A","Fish","Surface.Plunging",0.176,0.001,0.742,0.74,"> 0.5","No",0,NA,NA,NA,NA,NA,"Charadriiformes","< 50","No","LC",945.5,"No","No",NA
22698235,"Townsend's Shearwater","Puffinus_auricularis","Petrels, shearwaters","Procellariidae","Procellariiformes","2010s","A","Fish","Pursuit.Plunging",0.637,0.052,1.001,0.95,"> 0.5","No",0,NA,NA,NA,NA,NA,"Procellariiformes","< 50","Yes","CR",324,"Yes","No",NA
22694337,"Western Gull","Larus_occidentalis","Gulls, terns, skimmers","Laridae","Charadriiformes","2010s","A","Fish","Surface.Seizing",0.452,0.001,0.997,1,"> 0.5","No",0,NA,NA,NA,NA,NA,"Charadriiformes","< 50","No","LC",931.5,"No","Yes",NA
22694764,"Whiskered Tern","Chlidonias_hybrida","Gulls, terns, skimmers","Laridae","Charadriiformes","2010s","A","Other.Inverts","Dipping",0.258,0.001,0.938,0.94,"> 0.5","No",0,NA,NA,NA,NA,NA,"Charadriiformes","< 50","No","LC",83.9,"No","Yes",NA
22694705,"White-cheeked Tern","Sterna_repressa","Gulls, terns, skimmers","Laridae","Charadriiformes","2010s","A","Fish","Dipping",0.295,0.001,0.981,0.98,"> 0.5","No",0,NA,NA,NA,NA,NA,"Charadriiformes","< 50","No","LC",90,"No","No",NA
22694299,"White-eyed Gull","Larus_leucophthalmus","Gulls, terns, skimmers","Laridae","Charadriiformes","2010s","A","Fish","Surface.Plunging",0.263,0.001,0.968,0.97,"> 0.5","No",0,NA,NA,NA,NA,NA,"Charadriiformes","< 50","No","NT",330,"No","No",NA
22694607,"White-fronted Tern","Sterna_striata","Gulls, terns, skimmers","Laridae","Charadriiformes","2010s","A","Fish","Surface.Plunging",0.266,0.001,0.97,0.97,"> 0.5","No",0,NA,NA,NA,NA,NA,"Charadriiformes","< 50","No","LC",129,"No","No",NA
22694782,"White-winged Tern","Chlidonias_leucopterus","Gulls, terns, skimmers","Laridae","Charadriiformes","2010s","A","Other.Inverts","Dipping",0.206,0.001,0.795,0.79,"> 0.5","No",0,NA,NA,NA,NA,NA,"Charadriiformes","< 50","No","LC",54.2,"No","Yes",NA
22697847,"Yellow-billed Loon","Gavia_adamsii","Loons/divers","Gaviidae","Gaviiformes","2010s","A","Fish","Pursuit.Diving",0.078,0.001,0.471,0.47,"< 0.5","No",0,NA,NA,NA,NA,NA,"Gaviiformes","< 50","No","NT",5056.25,"No","No",NA
22694679,"Yellow-billed Tern","Sterna_superciliaris","Gulls, terns, skimmers","Laridae","Charadriiformes","2010s","A","Fish","Surface.Plunging",0.775,0.134,1.001,0.87,"> 0.5","No",0,NA,NA,NA,NA,NA,"Charadriiformes","< 50","Yes","LC",46.4,"No","No",NA
22694340,"Yellow-footed Gull","Larus_livens","Gulls, terns, skimmers","Laridae","Charadriiformes","2010s","A","Carrion.Birds","Scavenging",0.498,0.001,0.966,0.96,"> 0.5","No",0,NA,NA,NA,NA,NA,"Charadriiformes","< 50","No","LC",1322,"No","Yes",NA
22698062,"Zino's Petrel","Pterodroma_madeira","Petrels, shearwaters","Procellariidae","Procellariiformes","2010s","A","Fish","Surface.Seizing",0.817,0.186,1.001,0.82,"> 0.5","No",0,NA,NA,NA,NA,NA,"Procellariiformes","< 50","Yes","EN",227.5,"Yes","No",NA
